Date,Price,Open,High,Low,Vol.,Change %,Year
2023-12-29,38.52,38.76,38.9,38.34,2.31M,-0.77,2023
2023-12-28,38.82,38.22,38.84,38.22,2.04M,1.15,2023
2023-12-27,38.38,38.15,38.6,38.1,1.98M,0.47,2023
2023-12-26,38.2,37.96,38.42,37.88,1.45M,0.47,2023
2023-12-22,38.02,37.9,38.16,37.79,1.61M,0.61,2023
2023-12-21,37.79,37.77,37.99,37.58,2.08M,0.48,2023
2023-12-20,37.61,37.53,38.11,37.48,3.12M,-0.29,2023
2023-12-19,37.72,37.71,37.98,37.38,3.45M,-0.11,2023
2023-12-18,37.76,37.68,38.06,37.46,4.45M,0.21,2023
2023-12-15,37.68,37.5,37.91,37.39,15.00M,0.51,2023
2023-12-14,37.49,38.32,38.34,37.39,3.70M,-1.65,2023
2023-12-13,38.12,37.39,38.19,37.31,4.13M,2.12,2023
2023-12-12,37.33,36.86,37.6,36.81,4.33M,1.22,2023
2023-12-11,36.88,37.0,37.06,36.47,3.21M,-0.22,2023
2023-12-08,36.96,37.1,37.2,36.44,3.61M,-0.56,2023
2023-12-07,37.17,36.25,37.2,36.17,3.41M,2.45,2023
2023-12-06,36.28,37.41,37.72,36.22,4.38M,-2.92,2023
2023-12-05,37.37,37.13,37.41,36.72,4.14M,0.67,2023
2023-12-04,37.12,36.04,37.16,35.99,5.75M,2.32,2023
2023-12-01,36.28,35.41,36.28,35.41,4.20M,2.46,2023
2023-11-30,35.41,34.96,35.53,34.89,6.26M,1.4,2023
2023-11-29,34.92,35.51,35.84,34.88,4.31M,-0.85,2023
2023-11-28,35.22,35.54,35.64,35.15,2.59M,-1.18,2023
2023-11-27,35.64,34.89,35.69,34.7,3.56M,2.24,2023
2023-11-24,34.86,34.63,35.03,34.61,1.19M,0.14,2023
2023-11-22,34.81,34.55,34.82,34.25,2.98M,0.93,2023
2023-11-21,34.49,34.7,34.93,34.47,5.00M,-0.58,2023
2023-11-20,34.69,34.86,35.07,34.66,3.88M,-0.49,2023
2023-11-17,34.86,34.65,34.97,34.64,2.90M,0.35,2023
2023-11-16,34.74,35.0,35.31,34.31,4.83M,0.12,2023
2023-11-15,34.7,35.07,35.3,34.65,4.10M,-1.48,2023
2023-11-14,35.22,34.9,35.3,34.85,4.17M,2.38,2023
2023-11-13,34.4,34.48,34.64,34.24,2.69M,-0.23,2023
2023-11-10,34.48,34.86,35.11,34.42,2.72M,-0.23,2023
2023-11-09,34.56,34.66,35.04,34.52,2.87M,-0.32,2023
2023-11-08,34.67,35.09,35.54,34.6,4.59M,-0.23,2023
2023-11-07,34.75,35.35,36.5,33.84,6.03M,-1.64,2023
2023-11-06,35.33,35.15,35.52,34.87,5.64M,0.97,2023
2023-11-03,34.99,34.86,35.31,34.75,3.98M,0.95,2023
2023-11-02,34.66,34.0,35.04,33.92,3.56M,2.15,2023
2023-11-01,33.93,32.88,34.1,32.67,3.79M,3.7,2023
2023-10-31,32.72,32.76,32.83,32.34,2.82M,0.43,2023
2023-10-30,32.58,32.17,32.69,32.17,2.50M,1.75,2023
2023-10-27,32.02,32.68,32.77,31.92,3.26M,-2.67,2023
2023-10-26,32.9,33.16,33.44,32.67,2.93M,0.37,2023
2023-10-25,32.78,32.89,33.04,32.53,2.65M,0.24,2023
2023-10-24,32.7,32.24,32.83,32.24,2.67M,2.54,2023
2023-10-23,31.89,31.68,32.13,31.43,3.00M,-0.13,2023
2023-10-20,31.93,32.19,32.39,31.74,3.27M,-0.56,2023
2023-10-19,32.11,32.29,32.84,32.1,3.72M,-0.96,2023
2023-10-18,32.42,32.48,32.65,32.26,3.18M,-0.46,2023
2023-10-17,32.57,31.97,32.79,31.97,3.26M,0.87,2023
2023-10-16,32.29,31.98,32.46,31.84,3.37M,2.05,2023
2023-10-13,31.64,31.93,32.1,31.4,2.95M,-0.5,2023
2023-10-12,31.8,32.79,33.02,31.41,3.73M,-2.96,2023
2023-10-11,32.77,32.1,32.81,31.95,6.96M,2.09,2023
2023-10-10,32.1,31.92,32.19,31.84,5.91M,0.78,2023
2023-10-09,31.85,31.57,32.1,31.57,3.31M,0.98,2023
2023-10-06,31.54,31.73,31.92,31.22,4.79M,-0.91,2023
2023-10-05,31.83,31.39,32.06,31.34,4.40M,1.4,2023
2023-10-04,31.39,32.19,32.31,31.16,6.52M,-1.91,2023
2023-10-03,32.0,32.34,32.69,31.37,6.44M,-1.63,2023
2023-10-02,32.53,33.38,33.74,31.95,4.98M,-1.96,2023
2023-09-29,33.18,33.73,33.84,32.83,4.84M,-0.75,2023
2023-09-28,33.43,33.41,33.94,33.23,4.49M,0.33,2023
2023-09-27,33.32,33.0,33.56,32.86,5.57M,1.0,2023
2023-09-26,32.99,33.59,33.7,32.91,4.37M,-1.99,2023
2023-09-25,33.66,33.04,33.84,33.03,3.41M,1.32,2023
2023-09-22,33.22,33.3,33.53,33.12,3.96M,-0.69,2023
2023-09-21,33.45,32.74,33.67,32.74,5.14M,3.43,2023
2023-09-20,32.34,33.28,33.35,32.26,4.08M,-2.44,2023
2023-09-19,33.15,33.46,33.78,33.12,4.45M,-1.02,2023
2023-09-18,33.49,32.89,33.6,32.89,6.60M,1.76,2023
2023-09-15,32.91,33.14,33.23,32.79,53.40M,-0.39,2023
2023-09-14,33.04,33.46,33.54,32.94,6.55M,-0.42,2023
2023-09-13,33.18,33.3,33.73,32.94,6.63M,-1.54,2023
2023-09-12,33.7,33.81,34.19,33.58,6.22M,0.03,2023
2023-09-11,33.69,34.07,34.28,33.67,5.26M,-1.09,2023
2023-09-08,34.06,33.33,34.17,33.33,7.43M,2.07,2023
2023-09-07,33.37,33.02,33.59,32.66,6.96M,1.71,2023
2023-09-06,32.81,32.24,33.15,32.24,6.03M,0.95,2023
2023-09-05,32.5,32.6,33.05,31.98,9.80M,2.23,2023
2023-09-01,31.79,31.61,31.99,31.59,3.88M,1.18,2023
2023-08-31,31.42,31.37,31.68,31.32,5.30M,0.29,2023
2023-08-30,31.33,30.39,31.35,30.36,4.43M,2.99,2023
2023-08-29,30.42,30.07,30.45,30.0,4.53M,1.5,2023
2023-08-28,29.97,30.13,30.28,29.84,2.76M,-0.5,2023
2023-08-25,30.12,30.12,30.37,30.03,2.93M,0.37,2023
2023-08-24,30.01,30.43,30.47,29.89,3.96M,-1.06,2023
2023-08-23,30.33,29.91,30.34,29.87,5.04M,2.26,2023
2023-08-22,29.66,29.9,29.91,29.48,3.68M,-1.13,2023
2023-08-21,30.0,29.95,30.02,29.74,3.00M,0.47,2023
2023-08-18,29.86,29.6,30.09,29.57,3.27M,0.5,2023
2023-08-17,29.71,30.0,30.44,29.47,3.47M,-1.2,2023
2023-08-16,30.07,30.28,30.43,30.01,3.00M,-0.56,2023
2023-08-15,30.24,30.03,30.32,29.99,3.26M,-0.26,2023
2023-08-14,30.32,30.04,30.34,29.92,4.46M,0.6,2023
2023-08-11,30.14,30.62,30.85,30.07,4.83M,-1.79,2023
2023-08-10,30.69,30.44,30.99,30.44,5.92M,1.25,2023
2023-08-09,30.31,29.54,30.77,29.19,7.46M,5.17,2023
2023-08-08,28.82,28.56,28.88,28.39,4.25M,0.42,2023
2023-08-07,28.7,28.67,29.0,28.59,3.24M,0.56,2023
2023-08-04,28.54,28.01,28.85,27.9,4.73M,2.15,2023
2023-08-03,27.94,27.97,28.31,27.7,4.25M,-0.18,2023
2023-08-02,27.99,27.65,28.07,27.54,1.94M,0.36,2023
2023-08-01,27.89,27.97,28.37,27.75,2.38M,-0.61,2023
2023-07-31,28.06,28.0,28.56,27.84,2.79M,1.23,2023
2023-07-28,27.72,28.18,28.35,27.58,1.88M,-1.35,2023
2023-07-27,28.1,28.37,28.51,28.07,2.05M,-1.09,2023
2023-07-26,28.41,28.2,28.55,28.08,2.84M,1.1,2023
2023-07-25,28.1,28.43,28.53,28.08,2.75M,-0.71,2023
2023-07-24,28.3,28.36,28.48,28.11,1.94M,-0.21,2023
2023-07-21,28.36,27.55,28.52,27.37,4.58M,3.62,2023
2023-07-20,27.37,27.31,27.51,27.21,1.51M,0.15,2023
2023-07-19,27.33,26.82,27.41,26.74,3.69M,2.05,2023
2023-07-18,26.78,26.18,26.78,26.17,2.47M,2.49,2023
2023-07-17,26.13,26.2,26.32,26.06,2.15M,-0.8,2023
2023-07-14,26.34,26.68,26.68,26.3,1.29M,-1.39,2023
2023-07-13,26.71,26.57,26.8,26.55,1.71M,-0.19,2023
2023-07-12,26.76,26.62,26.93,26.57,1.99M,0.9,2023
2023-07-11,26.52,26.44,26.52,26.26,1.92M,0.23,2023
2023-07-10,26.46,26.7,26.81,26.34,1.65M,-0.9,2023
2023-07-07,26.7,26.73,27.07,26.64,2.04M,-0.93,2023
2023-07-06,26.95,26.6,26.95,26.52,3.37M,0.41,2023
2023-07-05,26.84,25.91,26.94,25.88,3.07M,2.87,2023
2023-07-03,26.09,26.16,26.43,26.09,1.22M,-0.61,2023
2023-06-30,26.25,26.1,26.4,25.97,2.30M,0.81,2023
2023-06-29,26.04,25.73,26.13,25.64,1.69M,1.2,2023
2023-06-28,25.73,25.77,25.82,25.56,1.87M,-0.23,2023
2023-06-27,25.79,25.69,26.14,25.56,4.74M,0.74,2023
2023-06-26,25.6,25.48,26.08,25.44,5.45M,1.99,2023
2023-06-23,25.1,25.33,25.53,24.91,7.43M,-0.79,2023
2023-06-22,25.3,25.26,25.32,24.93,2.49M,0.6,2023
2023-06-21,25.15,24.87,25.25,24.7,3.95M,0.72,2023
2023-06-20,24.97,24.95,25.16,24.72,4.55M,-0.36,2023
2023-06-16,25.06,25.41,25.46,24.99,6.53M,-1.07,2023
2023-06-15,25.33,24.84,25.4,24.81,5.90M,2.1,2023
2023-06-14,24.81,24.92,25.13,24.74,5.45M,-0.36,2023
2023-06-13,24.9,24.7,25.01,24.6,3.41M,0.81,2023
2023-06-12,24.7,24.81,24.98,24.6,1.77M,-0.48,2023
2023-06-09,24.82,24.97,25.06,24.77,1.51M,0.0,2023
2023-06-08,24.82,25.16,25.18,24.68,2.61M,-1.35,2023
2023-06-07,25.16,24.78,25.23,24.65,3.01M,1.74,2023
2023-06-06,24.73,24.9,24.99,24.67,2.49M,-0.68,2023
2023-06-05,24.9,24.57,24.99,24.56,2.68M,0.73,2023
2023-06-02,24.72,24.69,25.03,24.46,3.30M,0.32,2023
2023-06-01,24.64,24.04,24.73,23.99,4.77M,2.8,2023
2023-05-31,23.97,23.81,24.08,23.53,4.91M,0.08,2023
2023-05-30,23.95,24.53,24.58,23.92,2.43M,-2.04,2023
2023-05-26,24.45,24.34,24.55,24.08,2.57M,0.74,2023
2023-05-25,24.27,24.46,24.61,23.85,2.60M,-0.53,2023
2023-05-24,24.4,24.49,24.54,24.26,2.97M,-0.65,2023
2023-05-23,24.56,24.45,24.97,24.39,2.06M,0.2,2023
2023-05-22,24.51,24.45,24.87,24.43,2.46M,0.0,2023
2023-05-19,24.51,24.68,24.94,24.51,2.77M,0.29,2023
2023-05-18,24.44,24.16,24.52,24.01,2.61M,0.37,2023
2023-05-17,24.35,24.46,24.61,24.21,3.51M,0.0,2023
2023-05-16,24.35,24.75,24.83,24.07,2.84M,-1.81,2023
2023-05-15,24.8,24.5,24.81,24.41,3.24M,1.14,2023
2023-05-12,24.52,24.83,24.86,24.2,3.46M,-0.49,2023
2023-05-11,24.64,25.01,25.2,24.52,3.65M,-2.3,2023
2023-05-10,25.22,25.0,25.71,24.84,8.05M,2.52,2023
2023-05-09,24.6,23.59,24.66,23.59,6.62M,5.22,2023
2023-05-08,23.38,23.45,23.57,23.24,2.43M,-0.17,2023
2023-05-05,23.42,23.27,23.56,23.2,3.01M,1.08,2023
2023-05-04,23.17,23.06,23.21,22.69,2.64M,0.7,2023
2023-05-03,23.01,23.4,23.55,22.98,1.95M,-0.43,2023
2023-05-02,23.11,23.41,23.59,22.67,2.94M,-1.37,2023
2023-05-01,23.43,23.86,24.12,23.42,2.54M,-1.8,2023
2023-04-28,23.86,23.14,23.96,23.05,3.15M,3.16,2023
2023-04-27,23.13,23.05,23.28,22.95,2.60M,0.7,2023
2023-04-26,22.97,23.32,23.52,22.95,2.64M,-1.63,2023
2023-04-25,23.35,23.6,23.72,23.25,3.72M,-1.27,2023
2023-04-24,23.65,23.79,23.9,23.4,4.04M,-0.21,2023
2023-04-21,23.7,23.8,23.9,23.46,1.81M,-0.34,2023
2023-04-20,23.78,24.06,24.25,23.75,1.99M,-1.98,2023
2023-04-19,24.26,24.15,24.27,23.8,3.23M,-0.21,2023
2023-04-18,24.31,24.27,24.36,23.93,2.83M,0.25,2023
2023-04-17,24.25,24.53,24.53,24.05,2.38M,-0.98,2023
2023-04-14,24.49,24.7,24.95,24.3,3.17M,-1.37,2023
2023-04-13,24.83,24.43,25.12,24.32,3.68M,1.14,2023
2023-04-12,24.55,24.8,24.88,24.41,2.96M,-0.57,2023
2023-04-11,24.69,24.55,24.91,24.44,2.74M,1.11,2023
2023-04-10,24.42,23.83,24.49,23.8,2.74M,1.45,2023
2023-04-06,24.07,24.12,24.3,23.87,3.02M,0.63,2023
2023-04-05,23.92,23.36,23.99,23.33,2.74M,2.18,2023
2023-04-04,23.41,23.67,23.75,23.19,2.59M,-1.22,2023
2023-04-03,23.7,23.88,24.1,23.67,3.02M,-1.25,2023
2023-03-31,24.0,23.65,24.0,23.53,2.28M,1.74,2023
2023-03-30,23.59,23.67,23.86,23.48,2.15M,0.34,2023
2023-03-29,23.51,23.48,23.75,23.32,3.52M,0.73,2023
2023-03-28,23.34,23.17,23.76,23.1,2.80M,0.6,2023
2023-03-27,23.2,23.49,23.74,23.12,4.11M,-0.94,2023
2023-03-24,23.42,23.82,23.84,23.04,4.85M,-2.05,2023
2023-03-23,23.91,24.33,24.62,23.63,3.23M,-1.32,2023
2023-03-22,24.23,24.86,24.99,24.22,3.33M,-3.31,2023
2023-03-21,25.06,25.14,25.67,24.75,3.39M,-0.16,2023
2023-03-20,25.1,25.1,25.65,25.06,4.33M,1.05,2023
2023-03-17,24.84,25.09,25.13,24.22,5.05M,-1.97,2023
2023-03-16,25.34,24.0,25.49,23.99,5.55M,3.81,2023
2023-03-15,24.41,24.76,25.12,23.9,6.41M,-4.27,2023
2023-03-14,25.5,24.68,25.7,24.55,6.02M,4.77,2023
2023-03-13,24.34,24.38,25.04,24.02,7.72M,-0.73,2023
2023-03-10,24.52,25.89,25.93,24.51,5.89M,-4.55,2023
2023-03-09,25.69,26.24,26.5,25.68,6.13M,-1.95,2023
2023-03-08,26.2,26.51,27.18,26.17,7.02M,-1.17,2023
2023-03-07,26.51,24.95,27.29,24.6,14.24M,8.74,2023
2023-03-06,24.38,22.05,25.03,22.05,16.33M,13.87,2023
2023-03-03,21.41,21.32,21.59,21.18,3.46M,0.56,2023
2023-03-02,21.29,21.66,21.67,21.23,5.17M,-1.93,2023
2023-03-01,21.71,22.08,22.54,21.56,4.46M,-1.27,2023
2023-02-28,21.99,22.07,22.4,21.89,4.88M,-1.17,2023
2023-02-27,22.25,22.6,22.8,22.22,2.60M,-0.49,2023
2023-02-24,22.36,22.32,22.49,22.17,2.34M,-0.62,2023
2023-02-23,22.5,22.57,22.83,22.4,1.82M,0.36,2023
2023-02-22,22.42,22.48,22.61,22.25,3.11M,-0.66,2023
2023-02-21,22.57,22.77,22.92,22.44,3.22M,-1.7,2023
2023-02-17,22.96,22.89,23.24,22.74,3.58M,0.61,2023
2023-02-16,22.82,23.17,23.38,22.55,4.61M,-2.65,2023
2023-02-15,23.44,22.81,23.49,22.81,3.41M,1.87,2023
2023-02-14,23.01,22.97,23.47,22.86,2.43M,-0.17,2023
2023-02-13,23.05,23.03,23.38,23.01,1.59M,0.04,2023
2023-02-10,23.04,22.66,23.14,22.62,1.87M,1.54,2023
2023-02-09,22.69,22.89,23.0,22.69,2.71M,-0.74,2023
2023-02-08,22.86,23.08,23.2,22.83,1.40M,-1.64,2023
2023-02-07,23.24,22.94,23.31,22.66,1.93M,1.18,2023
2023-02-06,22.97,22.84,23.1,22.76,4.09M,0.39,2023
2023-02-03,22.88,22.98,23.04,22.56,5.01M,-1.72,2023
2023-02-02,23.28,23.43,23.86,23.03,3.01M,0.34,2023
2023-02-01,23.2,22.86,23.48,22.83,2.50M,0.61,2023
2023-01-31,23.06,22.44,23.07,22.32,2.57M,3.08,2023
2023-01-30,22.37,22.6,22.91,22.32,2.13M,-1.32,2023
2023-01-27,22.67,22.7,22.91,22.65,1.90M,-0.57,2023
2023-01-26,22.8,22.6,22.81,22.23,2.01M,1.02,2023
2023-01-25,22.57,22.63,22.8,22.34,2.23M,-1.14,2023
2023-01-24,22.83,22.5,22.89,22.28,2.63M,1.47,2023
2023-01-23,22.5,21.78,22.73,21.76,2.80M,2.97,2023
2023-01-20,21.85,21.32,21.87,21.3,3.42M,2.15,2023
2023-01-19,21.39,21.38,21.53,21.25,3.75M,-0.51,2023
2023-01-18,21.5,22.11,22.23,21.48,3.68M,-2.93,2023
2023-01-17,22.15,22.42,22.77,22.14,3.59M,-1.03,2023
2023-01-13,22.38,22.43,22.55,22.14,2.81M,-1.37,2023
2023-01-12,22.69,22.86,23.09,22.6,3.32M,-0.22,2023
2023-01-11,22.74,22.4,22.78,22.4,2.40M,1.52,2023
2023-01-10,22.4,22.41,22.53,22.19,2.87M,-0.58,2023
2023-01-09,22.53,22.63,22.89,22.46,2.91M,0.09,2023
2023-01-06,22.51,22.48,22.77,22.25,3.41M,0.85,2023
2023-01-05,22.32,22.61,22.78,22.25,2.32M,-1.89,2023
2023-01-04,22.75,22.28,22.85,22.01,3.93M,2.16,2023
2023-01-03,22.27,23.24,23.35,22.13,3.87M,-4.01,2023
2022-12-30,23.2,24.0,24.02,22.84,3.42M,-3.61,2022
2022-12-29,24.07,23.75,24.18,23.62,1.95M,1.73,2022
2022-12-28,23.66,23.71,23.84,23.55,5.35M,-0.13,2022
2022-12-27,23.69,23.82,23.95,23.43,2.21M,-0.75,2022
2022-12-23,23.87,23.41,23.9,23.37,2.25M,1.36,2022
2022-12-22,23.55,24.03,24.03,23.31,2.38M,-2.57,2022
2022-12-21,24.17,24.0,24.17,23.81,4.22M,1.47,2022
2022-12-20,23.82,23.84,24.11,23.77,4.04M,-0.17,2022
2022-12-19,23.86,24.05,24.28,23.75,3.30M,-0.87,2022
2022-12-16,24.07,24.08,24.24,23.68,5.46M,-1.07,2022
2022-12-15,24.33,24.24,24.53,24.03,3.41M,-0.08,2022
2022-12-14,24.35,24.1,24.53,23.99,3.57M,0.25,2022
2022-12-13,24.29,24.58,25.03,24.09,5.25M,0.29,2022
2022-12-12,24.22,23.98,24.23,23.83,2.36M,1.51,2022
2022-12-09,23.86,23.41,24.0,23.33,3.27M,1.14,2022
2022-12-08,23.59,23.68,23.91,23.49,2.20M,-0.21,2022
2022-12-07,23.64,23.63,24.05,23.51,3.31M,-0.34,2022
2022-12-06,23.72,23.3,23.75,23.16,3.78M,1.19,2022
2022-12-05,23.44,23.78,23.84,23.26,2.57M,-2.29,2022
2022-12-02,23.99,24.2,24.39,23.96,1.94M,-2.2,2022
2022-12-01,24.53,24.47,24.82,24.31,4.11M,0.82,2022
2022-11-30,24.33,24.37,24.44,23.95,7.65M,0.41,2022
2022-11-29,24.23,23.81,24.29,23.54,2.63M,1.85,2022
2022-11-28,23.79,23.76,23.9,23.57,1.90M,-1.2,2022
2022-11-25,24.08,23.95,24.4,23.95,1.27M,0.33,2022
2022-11-23,24.0,23.42,24.07,23.41,1.87M,2.43,2022
2022-11-22,23.43,22.99,23.48,22.88,2.28M,2.4,2022
2022-11-21,22.88,22.86,22.98,22.51,2.29M,-0.13,2022
2022-11-18,22.91,22.72,22.91,22.63,3.76M,2.0,2022
2022-11-17,22.46,22.66,22.9,22.39,2.60M,-1.62,2022
2022-11-16,22.83,22.5,23.01,22.47,3.40M,0.57,2022
2022-11-15,22.7,23.39,23.5,22.64,3.89M,-1.09,2022
2022-11-14,22.95,23.89,24.08,22.95,3.68M,-4.73,2022
2022-11-11,24.09,24.8,24.9,23.84,3.53M,-2.03,2022
2022-11-10,24.59,24.39,24.99,24.09,3.47M,4.42,2022
2022-11-09,23.55,24.0,24.18,23.48,3.35M,-2.36,2022
2022-11-08,24.12,23.79,24.35,23.72,3.91M,1.22,2022
2022-11-07,23.83,22.95,23.98,22.75,5.05M,4.29,2022
2022-11-04,22.85,23.16,23.87,22.43,7.18M,-1.64,2022
2022-11-03,23.23,22.79,23.67,22.56,4.40M,1.57,2022
2022-11-02,22.87,22.83,23.67,22.73,4.38M,0.0,2022
2022-11-01,22.87,23.21,23.22,22.7,2.98M,-0.44,2022
2022-10-31,22.97,22.93,23.23,22.77,4.43M,-0.04,2022
2022-10-28,22.98,22.1,23.0,22.03,4.17M,4.55,2022
2022-10-27,21.98,22.12,22.31,21.89,3.74M,0.37,2022
2022-10-26,21.9,22.08,22.21,21.82,3.42M,-0.41,2022
2022-10-25,21.99,21.52,22.22,21.48,4.84M,2.33,2022
2022-10-24,21.49,21.8,22.12,21.45,3.99M,-1.2,2022
2022-10-21,21.75,21.48,21.77,21.12,4.25M,1.07,2022
2022-10-20,21.52,22.23,22.3,21.38,4.05M,-3.06,2022
2022-10-19,22.2,22.33,22.41,21.79,3.41M,-1.6,2022
2022-10-18,22.56,22.44,22.63,22.33,2.96M,2.41,2022
2022-10-17,22.03,21.95,22.49,21.85,3.50M,2.85,2022
2022-10-14,21.42,21.93,22.22,21.33,2.51M,-1.2,2022
2022-10-13,21.68,21.11,21.95,20.76,3.84M,1.12,2022
2022-10-12,21.44,21.79,21.8,21.33,4.60M,-1.65,2022
2022-10-11,21.8,21.56,22.13,21.38,4.97M,0.55,2022
2022-10-10,21.68,22.0,22.38,21.64,4.97M,-1.32,2022
2022-10-07,21.97,22.51,22.61,21.93,3.27M,-3.0,2022
2022-10-06,22.65,22.83,22.92,22.41,4.29M,-1.05,2022
2022-10-05,22.89,22.54,23.14,22.24,4.43M,-0.22,2022
2022-10-04,22.94,21.69,22.94,21.65,4.83M,6.85,2022
2022-10-03,21.47,21.37,21.84,21.03,5.20M,2.24,2022
2022-09-30,21.0,21.5,21.63,20.92,4.60M,-1.78,2022
2022-09-29,21.38,22.01,22.06,21.17,7.07M,-4.13,2022
2022-09-28,22.3,22.31,22.56,22.13,3.83M,1.27,2022
2022-09-27,22.02,22.75,22.82,21.67,5.81M,-2.0,2022
2022-09-26,22.47,23.11,23.34,22.33,3.72M,-3.85,2022
2022-09-23,23.37,23.63,23.69,23.1,4.41M,-2.87,2022
2022-09-22,24.06,24.42,24.46,23.99,2.85M,-1.55,2022
2022-09-21,24.44,25.03,25.32,24.42,2.87M,-1.89,2022
2022-09-20,24.91,25.34,25.45,24.74,3.13M,-2.77,2022
2022-09-19,25.62,25.04,25.81,25.04,3.62M,1.22,2022
2022-09-16,25.31,25.32,25.33,24.87,8.71M,-0.24,2022
2022-09-15,25.37,25.22,25.4,25.09,4.09M,0.04,2022
2022-09-14,25.36,24.98,25.37,24.96,3.45M,1.52,2022
2022-09-13,24.98,25.4,25.73,24.89,3.68M,-3.14,2022
2022-09-12,25.79,25.33,25.84,25.24,3.35M,2.14,2022
2022-09-09,25.25,25.19,25.45,24.98,4.00M,1.41,2022
2022-09-08,24.9,24.65,25.09,24.53,2.89M,1.06,2022
2022-09-07,24.64,24.37,24.71,24.3,4.03M,1.23,2022
2022-09-06,24.34,24.88,25.0,24.32,5.33M,-2.48,2022
2022-09-02,24.96,25.18,25.52,24.89,2.52M,0.0,2022
2022-09-01,24.96,24.67,25.01,24.58,3.54M,0.85,2022
2022-08-31,24.75,24.06,24.8,24.0,7.45M,2.36,2022
2022-08-30,24.18,24.75,24.98,24.18,4.38M,-2.26,2022
2022-08-29,24.74,24.59,24.84,24.4,3.43M,-0.76,2022
2022-08-26,24.93,25.67,25.71,24.92,3.67M,-2.81,2022
2022-08-25,25.65,25.29,25.97,25.12,4.57M,1.83,2022
2022-08-24,25.19,24.37,25.3,24.37,3.44M,2.94,2022
2022-08-23,24.47,24.92,24.95,24.46,3.66M,-1.05,2022
2022-08-22,24.73,24.9,24.93,24.59,3.63M,-2.06,2022
2022-08-19,25.25,25.74,25.78,25.14,3.86M,-2.28,2022
2022-08-18,25.84,25.53,26.12,25.53,3.62M,1.21,2022
2022-08-17,25.53,25.49,25.81,25.44,3.23M,-1.16,2022
2022-08-16,25.83,25.79,26.0,25.69,3.71M,-0.54,2022
2022-08-15,25.97,25.65,25.99,25.35,3.19M,0.35,2022
2022-08-12,25.88,25.62,25.91,25.52,2.72M,2.13,2022
2022-08-11,25.34,25.27,25.78,25.23,3.32M,0.68,2022
2022-08-10,25.17,24.93,25.22,24.85,2.97M,1.53,2022
2022-08-09,24.79,24.61,24.81,24.32,3.84M,0.24,2022
2022-08-08,24.73,24.75,25.44,24.56,3.80M,0.53,2022
2022-08-05,24.6,25.53,25.73,24.31,4.76M,-3.98,2022
2022-08-04,25.62,25.6,25.9,25.53,3.41M,0.63,2022
2022-08-03,25.46,25.22,25.58,25.11,2.60M,0.79,2022
2022-08-02,25.26,25.48,25.76,25.25,2.88M,-0.39,2022
2022-08-01,25.36,25.7,25.9,25.26,3.02M,-1.9,2022
2022-07-29,25.85,25.0,25.86,24.93,4.89M,4.15,2022
2022-07-28,24.82,24.39,24.87,24.03,3.49M,4.15,2022
2022-07-27,23.83,23.8,23.96,23.44,2.70M,0.34,2022
2022-07-26,23.75,23.31,23.76,23.16,7.89M,1.67,2022
2022-07-25,23.36,23.04,23.5,22.78,3.29M,1.57,2022
2022-07-22,23.0,23.41,23.66,22.75,3.58M,-1.54,2022
2022-07-21,23.36,23.55,23.69,23.08,4.23M,-1.18,2022
2022-07-20,23.64,23.62,23.73,23.12,4.83M,0.04,2022
2022-07-19,23.63,23.16,23.74,23.13,3.76M,3.55,2022
2022-07-18,22.82,22.74,23.33,22.67,4.14M,1.06,2022
2022-07-15,22.58,23.03,23.07,22.25,4.03M,-1.53,2022
2022-07-14,22.93,22.2,23.02,22.17,5.69M,0.88,2022
2022-07-13,22.73,22.2,22.86,22.16,3.55M,0.93,2022
2022-07-12,22.52,21.98,22.65,21.97,3.80M,1.95,2022
2022-07-11,22.09,22.02,22.33,21.79,3.36M,0.05,2022
2022-07-08,22.08,22.21,22.33,21.87,3.03M,-0.67,2022
2022-07-07,22.23,22.0,22.39,21.98,4.07M,2.44,2022
2022-07-06,21.7,21.54,21.95,21.36,4.71M,0.18,2022
2022-07-05,21.66,22.97,23.14,21.0,5.96M,-7.24,2022
2022-07-01,23.35,23.07,23.49,22.89,3.34M,2.19,2022
2022-06-30,22.85,22.62,23.35,22.51,4.97M,-0.17,2022
2022-06-29,22.89,23.22,23.25,22.39,4.66M,-1.55,2022
2022-06-28,23.25,23.8,24.0,23.06,4.88M,-2.11,2022
2022-06-27,23.75,23.39,24.06,23.34,4.36M,1.54,2022
2022-06-24,23.39,23.52,23.6,23.09,11.74M,-0.09,2022
2022-06-23,23.41,22.97,23.46,22.84,5.67M,3.08,2022
2022-06-22,22.71,22.42,22.88,22.31,4.60M,-0.26,2022
2022-06-21,22.77,22.98,23.01,22.5,5.05M,1.56,2022
2022-06-17,22.42,22.53,22.74,21.84,11.50M,-0.44,2022
2022-06-16,22.52,23.32,23.32,22.28,7.89M,-4.17,2022
2022-06-15,23.5,23.22,23.91,23.1,9.34M,2.35,2022
2022-06-14,22.96,23.45,23.7,22.63,8.30M,-2.3,2022
2022-06-13,23.5,25.0,25.04,23.4,7.47M,-7.63,2022
2022-06-10,25.44,25.77,25.88,25.43,3.85M,-2.9,2022
2022-06-09,26.2,26.74,26.9,26.17,3.39M,-2.38,2022
2022-06-08,26.84,27.24,27.31,26.62,4.21M,-2.01,2022
2022-06-07,27.39,26.39,27.39,26.39,6.77M,3.4,2022
2022-06-06,26.49,25.99,26.52,25.82,5.24M,2.48,2022
2022-06-03,25.85,25.91,26.25,25.83,3.39M,-0.5,2022
2022-06-02,25.98,25.96,26.24,25.59,3.85M,0.31,2022
2022-06-01,25.9,26.36,26.46,25.27,4.62M,-1.78,2022
2022-05-31,26.37,26.5,26.69,25.88,7.76M,0.23,2022
2022-05-27,26.31,25.98,26.33,25.74,5.78M,1.47,2022
2022-05-26,25.93,26.22,26.45,25.92,4.71M,-0.65,2022
2022-05-25,26.1,25.47,26.17,25.45,5.56M,2.43,2022
2022-05-24,25.48,25.51,25.77,25.23,4.05M,-0.97,2022
2022-05-23,25.73,25.41,25.84,25.14,4.48M,1.98,2022
2022-05-20,25.23,25.96,26.46,24.83,6.19M,-3.26,2022
2022-05-19,26.08,25.27,26.13,25.14,7.96M,3.37,2022
2022-05-18,25.23,25.31,25.59,25.1,5.07M,-0.08,2022
2022-05-17,25.25,25.05,25.28,24.76,5.01M,1.0,2022
2022-05-16,25.0,24.53,25.01,24.39,6.95M,1.71,2022
2022-05-13,24.58,23.86,24.72,23.82,5.52M,5.0,2022
2022-05-12,23.41,24.04,24.19,22.89,9.50M,-3.62,2022
2022-05-11,24.29,24.59,24.88,24.2,7.37M,-0.61,2022
2022-05-10,24.44,24.45,24.99,23.87,5.00M,1.28,2022
2022-05-09,24.13,26.43,26.43,23.92,9.71M,-9.35,2022
2022-05-06,26.62,26.0,27.1,25.75,9.74M,4.76,2022
2022-05-05,25.41,26.0,26.33,25.27,5.17M,-1.97,2022
2022-05-04,25.92,25.36,26.08,25.3,5.21M,2.65,2022
2022-05-03,25.25,24.77,25.58,24.74,4.09M,2.27,2022
2022-05-02,24.69,25.0,25.25,24.18,4.69M,-1.32,2022
2022-04-29,25.02,25.22,25.49,25.01,5.34M,-0.44,2022
2022-04-28,25.13,25.12,25.17,24.75,5.01M,1.0,2022
2022-04-27,24.88,24.88,25.31,24.76,3.61M,-0.08,2022
2022-04-26,24.9,24.81,25.42,24.81,4.04M,-0.44,2022
2022-04-25,25.01,25.3,25.3,24.58,5.13M,-1.34,2022
2022-04-22,25.35,25.75,25.79,25.3,3.62M,-1.52,2022
2022-04-21,25.74,26.19,26.35,25.69,7.01M,-1.98,2022
2022-04-20,26.26,25.18,26.63,25.18,8.99M,5.8,2022
2022-04-19,24.82,24.92,25.21,24.48,5.43M,-0.08,2022
2022-04-18,24.84,24.0,24.87,23.92,5.31M,3.37,2022
2022-04-14,24.03,23.83,24.23,23.83,4.71M,0.97,2022
2022-04-13,23.8,24.07,24.21,23.66,5.35M,-1.04,2022
2022-04-12,24.05,24.11,24.46,23.9,5.28M,0.21,2022
2022-04-11,24.0,24.52,24.65,23.97,5.15M,-2.08,2022
2022-04-08,24.51,24.21,24.59,24.0,6.98M,1.62,2022
2022-04-07,24.12,23.98,24.21,23.74,6.43M,0.5,2022
2022-04-06,24.0,23.5,24.0,23.39,5.82M,1.78,2022
2022-04-05,23.58,23.39,23.78,23.38,6.81M,1.07,2022
2022-04-04,23.33,23.4,23.53,23.14,3.59M,-0.47,2022
2022-04-01,23.44,23.31,23.5,23.08,4.56M,0.82,2022
2022-03-31,23.25,23.07,23.6,23.07,4.65M,0.65,2022
2022-03-30,23.1,23.13,23.38,22.99,4.12M,-0.22,2022
2022-03-29,23.15,23.06,23.21,22.92,4.38M,0.17,2022
2022-03-28,23.11,22.76,23.21,22.68,3.57M,1.63,2022
2022-03-25,22.74,22.13,22.8,22.13,3.27M,3.13,2022
2022-03-24,22.05,21.85,22.17,21.83,3.09M,1.15,2022
2022-03-23,21.8,22.31,22.42,21.78,2.57M,-2.64,2022
2022-03-22,22.39,22.07,22.67,22.07,2.96M,1.54,2022
2022-03-21,22.05,22.32,22.53,21.93,3.33M,-1.61,2022
2022-03-18,22.41,22.23,22.55,22.12,4.95M,0.45,2022
2022-03-17,22.31,22.52,22.73,22.28,3.41M,-1.24,2022
2022-03-16,22.59,22.3,22.65,22.25,3.99M,1.16,2022
2022-03-15,22.33,22.5,22.64,22.04,3.22M,-0.4,2022
2022-03-14,22.42,22.37,22.7,21.91,3.81M,-0.04,2022
2022-03-11,22.43,22.72,22.83,22.38,3.28M,-0.97,2022
2022-03-10,22.65,22.63,22.7,22.41,3.53M,-0.4,2022
2022-03-09,22.74,22.87,23.07,22.53,4.54M,0.4,2022
2022-03-08,22.65,22.5,22.9,22.31,6.06M,1.3,2022
2022-03-07,22.36,22.67,23.49,22.28,5.60M,-0.67,2022
2022-03-04,22.51,21.91,22.56,21.77,5.11M,2.41,2022
2022-03-03,21.98,22.28,22.47,21.84,4.02M,-1.08,2022
2022-03-02,22.22,22.0,22.32,21.76,4.14M,1.32,2022
2022-03-01,21.93,22.79,22.81,21.7,6.82M,-3.9,2022
2022-02-28,22.82,21.87,22.88,21.7,6.38M,4.2,2022
2022-02-25,21.9,21.68,22.43,21.36,3.88M,1.01,2022
2022-02-24,21.68,20.5,21.81,20.26,5.80M,4.18,2022
2022-02-23,20.81,21.2,21.41,20.81,4.54M,-1.89,2022
2022-02-22,21.21,21.26,21.59,21.11,3.68M,-1.12,2022
2022-02-18,21.45,21.45,21.75,21.34,2.88M,-0.19,2022
2022-02-17,21.49,21.57,21.72,21.48,2.47M,-1.06,2022
2022-02-16,21.72,21.72,21.91,21.61,2.27M,-0.32,2022
2022-02-15,21.79,21.87,21.95,21.65,2.61M,0.88,2022
2022-02-14,21.6,21.76,21.91,21.24,4.18M,-0.96,2022
2022-02-11,21.81,22.16,22.35,21.63,4.53M,-1.22,2022
2022-02-10,22.08,22.22,22.53,22.01,5.46M,-1.82,2022
2022-02-09,22.49,22.45,22.68,22.34,4.98M,0.99,2022
2022-02-08,22.27,22.02,22.37,21.91,4.34M,1.32,2022
2022-02-07,21.98,21.87,22.11,21.57,4.64M,0.69,2022
2022-02-04,21.83,21.71,22.01,21.26,5.34M,-0.09,2022
2022-02-03,21.85,21.78,22.15,21.54,3.93M,-1.75,2022
2022-02-02,22.24,21.81,22.26,21.53,6.96M,2.73,2022
2022-02-01,21.65,21.97,21.99,21.44,4.53M,-0.73,2022
2022-01-31,21.81,21.63,21.91,21.63,6.13M,0.65,2022
2022-01-28,21.67,21.29,21.68,21.14,4.71M,1.69,2022
2022-01-27,21.31,21.77,21.95,21.15,4.86M,-1.02,2022
2022-01-26,21.53,21.96,22.24,21.38,5.85M,-0.65,2022
2022-01-25,21.67,21.75,21.97,21.45,5.17M,-1.32,2022
2022-01-24,21.96,21.5,22.01,21.26,6.04M,1.1,2022
2022-01-21,21.72,21.64,22.02,21.42,4.24M,-0.05,2022
2022-01-20,21.73,22.53,22.8,21.7,5.16M,-3.34,2022
2022-01-19,22.48,22.51,22.67,22.38,7.26M,0.18,2022
2022-01-18,22.44,22.54,22.75,22.38,4.22M,-0.66,2022
2022-01-14,22.59,22.61,22.64,22.35,2.99M,-0.09,2022
2022-01-13,22.61,22.9,22.91,22.53,3.71M,-1.4,2022
2022-01-12,22.93,22.46,22.99,22.42,7.34M,1.87,2022
2022-01-11,22.51,22.55,22.67,22.32,6.66M,0.22,2022
2022-01-10,22.46,22.67,22.78,22.39,4.34M,-1.1,2022
2022-01-07,22.71,22.32,22.76,22.11,6.08M,1.75,2022
2022-01-06,22.32,22.18,22.36,21.96,5.28M,0.95,2022
2022-01-05,22.11,22.48,22.76,22.09,4.04M,-1.82,2022
2022-01-04,22.52,22.77,22.96,22.49,4.57M,-0.97,2022
2022-01-03,22.74,22.82,22.94,22.34,3.93M,-0.13,2022
2021-12-31,22.77,22.3,22.87,22.24,3.24M,1.7,2021
2021-12-30,22.39,21.88,22.47,21.88,7.64M,2.38,2021
2021-12-29,21.87,22.0,22.06,21.82,2.90M,-0.82,2021
2021-12-28,22.05,22.21,22.32,21.93,1.86M,-0.63,2021
2021-12-27,22.19,22.05,22.21,21.85,2.28M,0.73,2021
2021-12-23,22.03,22.36,22.49,22.03,3.28M,-1.34,2021
2021-12-22,22.33,21.81,22.35,21.72,4.21M,2.38,2021
2021-12-21,21.81,21.3,21.85,21.26,3.11M,3.41,2021
2021-12-20,21.09,21.0,21.16,20.74,2.60M,-0.66,2021
2021-12-17,21.23,20.82,21.36,20.68,3.85M,1.43,2021
2021-12-16,20.93,20.7,21.23,20.65,3.06M,1.11,2021
2021-12-15,20.7,20.72,20.81,20.43,4.53M,-0.34,2021
2021-12-14,20.77,20.67,21.12,20.67,4.36M,0.19,2021
2021-12-13,20.73,20.77,21.01,20.68,3.95M,-1.38,2021
2021-12-10,21.02,20.96,21.07,20.83,2.85M,0.62,2021
2021-12-09,20.89,21.19,21.24,20.84,2.68M,-1.51,2021
2021-12-08,21.21,20.83,21.27,20.83,3.84M,1.34,2021
2021-12-07,20.93,20.95,21.3,20.85,3.88M,0.05,2021
2021-12-06,20.92,20.93,21.08,20.72,4.81M,1.01,2021
2021-12-03,20.71,21.05,21.1,20.57,4.14M,-1.19,2021
2021-12-02,20.96,20.73,21.26,20.66,6.27M,2.0,2021
2021-12-01,20.55,20.19,21.0,20.16,5.95M,3.37,2021
2021-11-30,19.88,19.94,20.43,19.79,8.85M,-1.05,2021
2021-11-29,20.09,20.4,20.4,19.65,4.11M,-0.35,2021
2021-11-26,20.16,20.09,20.35,19.92,4.15M,-2.23,2021
2021-11-24,20.62,20.51,20.82,20.51,2.55M,0.0,2021
2021-11-23,20.62,20.27,20.97,20.21,6.67M,1.68,2021
2021-11-22,20.28,20.05,20.7,19.93,4.52M,1.15,2021
2021-11-19,20.05,20.08,20.18,19.8,4.03M,-0.5,2021
2021-11-18,20.15,20.12,20.24,19.97,2.98M,-0.25,2021
2021-11-17,20.2,20.39,20.44,20.06,1.80M,-1.17,2021
2021-11-16,20.44,20.55,20.58,20.42,5.74M,-0.1,2021
2021-11-15,20.46,19.75,20.48,19.65,2.73M,4.12,2021
2021-11-12,19.65,19.65,19.79,19.58,2.40M,0.26,2021
2021-11-11,19.6,19.6,19.72,19.34,2.69M,0.82,2021
2021-11-10,19.44,19.21,19.73,19.2,2.27M,0.52,2021
2021-11-09,19.34,19.93,19.93,19.3,3.35M,-2.03,2021
2021-11-08,19.74,20.56,20.6,19.68,5.65M,-3.71,2021
2021-11-05,20.5,20.0,20.79,19.95,9.14M,6.72,2021
2021-11-04,19.21,19.53,19.58,18.93,6.09M,-2.39,2021
2021-11-03,19.68,19.67,19.91,19.56,2.46M,-0.96,2021
2021-11-02,19.87,20.01,20.02,19.63,4.01M,-0.7,2021
2021-11-01,20.01,19.6,20.11,19.54,2.76M,2.14,2021
2021-10-29,19.59,19.67,19.86,19.53,3.18M,-1.31,2021
2021-10-28,19.85,19.65,19.89,19.65,2.57M,0.97,2021
2021-10-27,19.66,19.5,19.75,19.4,3.04M,0.82,2021
2021-10-26,19.5,19.5,19.75,19.36,3.05M,0.0,2021
2021-10-25,19.5,19.07,19.56,19.07,6.03M,2.04,2021
2021-10-22,19.11,19.12,19.33,18.98,2.66M,0.05,2021
2021-10-21,19.1,19.17,19.34,19.03,2.52M,-1.09,2021
2021-10-20,19.31,19.22,19.53,19.17,2.05M,0.52,2021
2021-10-19,19.21,19.54,19.63,19.19,2.75M,-0.62,2021
2021-10-18,19.33,19.47,19.52,19.25,10.66M,-1.78,2021
2021-10-15,19.68,19.69,19.87,19.43,3.27M,0.56,2021
2021-10-14,19.57,19.96,20.1,19.49,6.52M,-1.21,2021
2021-10-13,19.81,19.5,19.9,19.25,15.38M,11.04,2021
2021-10-12,17.84,17.53,17.93,17.46,2.84M,1.54,2021
2021-10-11,17.57,17.9,18.04,17.55,2.45M,-1.84,2021
2021-10-08,17.9,17.97,18.33,17.88,3.10M,-0.28,2021
2021-10-07,17.95,17.61,18.09,17.5,6.47M,2.1,2021
2021-10-06,17.58,17.19,17.62,17.03,3.83M,1.27,2021
2021-10-05,17.36,17.08,17.37,17.0,6.16M,2.0,2021
2021-10-04,17.02,16.72,17.19,16.69,3.33M,1.01,2021
2021-10-01,16.85,17.21,17.22,16.69,4.20M,-1.46,2021
2021-09-30,17.1,17.35,17.56,17.08,5.83M,0.88,2021
2021-09-29,16.95,16.74,17.06,16.51,4.77M,1.07,2021
2021-09-28,16.77,17.04,17.11,16.72,4.80M,-1.99,2021
2021-09-27,17.11,17.55,17.64,17.09,5.18M,-2.56,2021
2021-09-24,17.56,17.7,17.85,17.56,4.29M,-0.28,2021
2021-09-23,17.61,17.63,17.85,17.51,4.45M,1.03,2021
2021-09-22,17.43,17.55,17.73,17.42,2.42M,0.23,2021
2021-09-21,17.39,17.49,17.69,17.39,5.83M,0.23,2021
2021-09-20,17.35,17.65,17.82,16.92,6.40M,-2.47,2021
2021-09-17,17.79,18.0,18.08,17.76,6.34M,-0.61,2021
2021-09-16,17.9,18.3,18.31,17.84,3.23M,-2.93,2021
2021-09-15,18.44,17.85,18.44,17.79,3.13M,2.44,2021
2021-09-14,18.0,18.68,18.68,17.99,3.60M,-3.23,2021
2021-09-13,18.6,18.58,18.73,18.4,2.04M,0.87,2021
2021-09-10,18.44,19.0,19.0,18.43,2.02M,-2.43,2021
2021-09-09,18.9,19.16,19.23,18.74,2.36M,-1.56,2021
2021-09-08,19.2,18.81,19.29,18.71,2.16M,1.91,2021
2021-09-07,18.84,19.01,19.1,18.81,2.93M,-1.41,2021
2021-09-03,19.11,19.19,19.27,18.99,1.61M,-0.88,2021
2021-09-02,19.28,19.15,19.4,19.13,3.58M,0.68,2021
2021-09-01,19.15,19.24,19.38,19.09,2.96M,0.31,2021
2021-08-31,19.09,18.89,19.09,18.8,3.58M,1.27,2021
2021-08-30,18.85,18.75,19.06,18.7,3.33M,0.91,2021
2021-08-27,18.68,18.56,18.72,18.42,3.89M,1.03,2021
2021-08-26,18.49,18.95,19.05,18.47,3.67M,-2.68,2021
2021-08-25,19.0,18.54,19.08,18.39,3.45M,2.98,2021
2021-08-24,18.45,18.2,18.54,18.11,2.98M,2.33,2021
2021-08-23,18.03,18.07,18.13,17.96,2.24M,-0.55,2021
2021-08-20,18.13,17.86,18.17,17.7,2.32M,1.85,2021
2021-08-19,17.8,17.91,18.12,17.78,3.25M,-1.17,2021
2021-08-18,18.01,18.05,18.21,17.92,2.08M,-0.77,2021
2021-08-17,18.15,17.95,18.19,17.81,3.11M,0.95,2021
2021-08-16,17.98,18.27,18.43,17.95,2.43M,-2.28,2021
2021-08-13,18.4,18.37,18.49,18.32,2.05M,0.05,2021
2021-08-12,18.39,18.42,18.45,18.06,3.00M,0.22,2021
2021-08-11,18.35,18.41,18.52,18.2,2.67M,-0.76,2021
2021-08-10,18.49,18.89,18.89,18.35,3.33M,-2.12,2021
2021-08-09,18.89,18.61,18.91,18.52,3.74M,1.78,2021
2021-08-06,18.56,18.36,18.83,18.33,3.35M,1.59,2021
2021-08-05,18.27,18.4,18.66,17.85,6.68M,-3.38,2021
2021-08-04,18.91,18.82,19.05,18.55,3.19M,-0.21,2021
2021-08-03,18.95,18.91,19.2,18.85,2.78M,-0.16,2021
2021-08-02,18.98,19.25,19.35,18.96,2.97M,-0.89,2021
2021-07-30,19.15,19.28,19.56,19.11,3.07M,-1.19,2021
2021-07-29,19.38,19.55,19.6,19.34,2.35M,-0.46,2021
2021-07-28,19.47,19.3,19.49,19.09,4.17M,1.04,2021
2021-07-27,19.27,19.08,19.29,18.74,2.58M,0.89,2021
2021-07-26,19.1,19.07,19.33,18.89,2.42M,0.0,2021
2021-07-23,19.1,18.77,19.14,18.69,2.68M,1.43,2021
2021-07-22,18.83,18.67,18.91,18.43,4.01M,2.78,2021
2021-07-21,18.32,18.19,18.58,18.15,2.71M,0.71,2021
2021-07-20,18.19,17.84,18.31,17.84,4.33M,2.25,2021
2021-07-19,17.79,18.5,18.63,17.72,3.92M,-5.42,2021
2021-07-16,18.81,18.94,19.13,18.76,3.52M,-0.05,2021
2021-07-15,18.82,18.63,18.9,18.47,3.17M,0.11,2021
2021-07-14,18.8,18.82,19.02,18.74,2.20M,-0.11,2021
2021-07-13,18.82,19.39,19.39,18.79,3.29M,-2.54,2021
2021-07-12,19.31,19.21,19.31,18.98,3.60M,-0.05,2021
2021-07-09,19.32,19.2,19.57,19.09,4.44M,3.04,2021
2021-07-08,18.75,19.05,19.06,18.65,6.71M,-3.3,2021
2021-07-07,19.39,18.61,19.53,18.55,9.64M,5.73,2021
2021-07-06,18.34,18.98,19.02,18.05,5.25M,-3.68,2021
2021-07-02,19.04,18.91,19.24,18.73,4.05M,0.85,2021
2021-07-01,18.88,18.65,18.97,18.58,3.82M,1.78,2021
2021-06-30,18.55,18.41,18.62,18.19,4.95M,0.87,2021
2021-06-29,18.39,18.87,18.94,18.31,4.64M,-2.23,2021
2021-06-28,18.81,18.4,18.83,18.22,4.08M,2.28,2021
2021-06-25,18.39,18.25,18.49,18.18,4.75M,0.77,2021
2021-06-24,18.25,17.76,18.28,17.63,3.52M,2.82,2021
2021-06-23,17.75,17.88,17.94,17.7,2.63M,-0.73,2021
2021-06-22,17.88,17.87,18.04,17.74,5.58M,-0.22,2021
2021-06-21,17.92,17.64,17.96,17.57,3.13M,2.58,2021
2021-06-18,17.47,18.06,18.1,17.42,4.56M,-3.75,2021
2021-06-17,18.15,18.12,18.2,17.98,4.19M,0.06,2021
2021-06-16,18.14,18.45,18.57,17.96,4.21M,-1.47,2021
2021-06-15,18.41,18.28,18.49,18.08,3.24M,0.11,2021
2021-06-14,18.39,18.63,18.67,18.24,3.62M,-1.29,2021
2021-06-11,18.63,18.25,18.65,18.16,3.58M,2.53,2021
2021-06-10,18.17,18.34,18.34,17.94,3.31M,-0.6,2021
2021-06-09,18.28,18.24,18.37,18.08,4.30M,0.72,2021
2021-06-08,18.15,17.66,18.27,17.52,7.15M,3.07,2021
2021-06-07,17.61,17.45,17.73,17.3,5.55M,1.21,2021
2021-06-04,17.4,17.3,17.46,17.14,6.97M,0.17,2021
2021-06-03,17.37,16.31,17.46,16.06,8.38M,3.7,2021
2021-06-02,16.75,16.5,16.84,16.33,6.84M,1.82,2021
2021-06-01,16.45,16.3,16.53,16.18,6.14M,1.73,2021
2021-05-28,16.17,16.01,16.23,15.95,6.33M,0.68,2021
2021-05-27,16.06,16.24,16.32,15.91,7.60M,-1.05,2021
2021-05-26,16.23,16.15,16.37,16.06,4.06M,0.31,2021
2021-05-25,16.18,16.55,16.68,16.17,5.29M,-2.88,2021
2021-05-24,16.66,16.82,16.86,16.42,3.05M,-0.12,2021
2021-05-21,16.68,16.57,16.8,16.51,4.33M,1.21,2021
2021-05-20,16.48,16.69,16.9,16.47,8.11M,-0.3,2021
2021-05-19,16.53,15.97,16.56,15.86,5.86M,2.35,2021
2021-05-18,16.15,15.91,16.33,15.8,5.17M,1.44,2021
2021-05-17,15.92,16.22,16.32,15.76,6.59M,-2.81,2021
2021-05-14,16.38,16.17,16.69,16.16,4.34M,1.99,2021
2021-05-13,16.06,16.07,16.35,15.94,6.66M,0.37,2021
2021-05-12,16.0,16.34,16.53,15.98,7.44M,-2.02,2021
2021-05-11,16.33,16.12,16.43,16.02,7.18M,2.0,2021
2021-05-10,16.01,16.24,16.45,16.0,4.89M,-0.25,2021
2021-05-07,16.05,16.06,16.06,15.47,11.04M,-0.06,2021
2021-05-06,16.06,16.24,16.32,15.52,9.77M,-1.23,2021
2021-05-05,16.26,16.32,16.4,15.7,14.50M,-0.18,2021
2021-05-04,16.29,16.86,16.86,16.29,7.87M,-3.04,2021
2021-05-03,16.8,16.91,17.06,16.8,3.64M,-0.41,2021
2021-04-30,16.87,16.99,17.08,16.76,4.12M,-1.11,2021
2021-04-29,17.06,16.89,17.32,16.84,6.22M,1.61,2021
2021-04-28,16.79,16.76,16.88,16.72,5.00M,-0.3,2021
2021-04-27,16.84,17.0,17.06,16.74,5.62M,-1.23,2021
2021-04-26,17.05,16.83,17.42,16.63,8.31M,-2.52,2021
2021-04-23,17.49,17.42,17.53,17.23,3.21M,0.4,2021
2021-04-22,17.42,17.83,17.99,17.41,5.10M,-1.91,2021
2021-04-21,17.76,17.75,17.91,17.65,4.48M,-0.28,2021
2021-04-20,17.81,17.83,18.06,17.72,4.27M,-0.28,2021
2021-04-19,17.86,18.0,18.02,17.81,4.25M,0.34,2021
2021-04-16,17.8,17.96,18.01,17.73,4.38M,-0.67,2021
2021-04-15,17.92,17.63,17.92,17.63,3.59M,1.64,2021
2021-04-14,17.63,17.75,17.82,17.52,3.58M,0.46,2021
2021-04-13,17.55,17.15,17.65,17.01,4.71M,2.27,2021
2021-04-12,17.16,17.48,17.61,17.12,4.96M,-1.94,2021
2021-04-09,17.5,17.54,17.65,17.25,4.56M,-0.57,2021
2021-04-08,17.6,17.73,17.8,17.55,2.67M,-0.51,2021
2021-04-07,17.69,17.85,17.93,17.6,3.22M,-1.06,2021
2021-04-06,17.88,17.5,18.0,17.47,5.13M,1.13,2021
2021-04-05,17.68,17.9,17.99,17.51,3.74M,-0.23,2021
2021-04-01,17.72,17.65,17.74,17.35,3.12M,0.23,2021
2021-03-31,17.68,17.87,17.94,17.67,4.72M,-0.73,2021
2021-03-30,17.81,17.61,17.82,17.45,4.37M,1.08,2021
2021-03-29,17.62,16.83,17.74,16.77,6.45M,4.45,2021
2021-03-26,16.87,17.08,17.18,16.6,4.64M,-1.06,2021
2021-03-25,17.05,16.88,17.28,16.61,6.40M,1.37,2021
2021-03-24,16.82,16.66,17.19,16.6,6.25M,0.72,2021
2021-03-23,16.7,16.79,17.09,16.63,6.57M,0.0,2021
2021-03-22,16.7,17.16,17.34,16.63,7.60M,-3.47,2021
2021-03-19,17.3,16.8,17.35,16.64,8.38M,3.04,2021
2021-03-18,16.79,17.16,17.3,16.77,7.97M,-2.89,2021
2021-03-17,17.29,17.01,17.71,17.01,10.17M,-4.58,2021
2021-03-16,18.12,18.31,18.31,17.92,6.54M,-2.53,2021
2021-03-15,18.59,18.4,18.64,18.22,8.24M,1.03,2021
2021-03-12,18.4,18.86,19.02,18.16,12.76M,-2.18,2021
2021-03-11,18.81,19.5,19.63,18.31,8.72M,-3.64,2021
2021-03-10,19.52,18.63,19.57,18.63,7.08M,4.66,2021
2021-03-09,18.65,18.9,19.36,18.54,8.21M,-1.22,2021
2021-03-08,18.88,18.07,19.17,18.04,7.91M,5.95,2021
2021-03-05,17.82,17.87,18.09,17.32,7.59M,1.89,2021
2021-03-04,17.49,16.65,17.57,16.47,10.71M,6.45,2021
2021-03-03,16.43,16.6,16.79,16.19,12.04M,-1.62,2021
2021-03-02,16.7,17.51,17.51,16.69,12.94M,-4.08,2021
2021-03-01,17.41,18.01,18.3,17.37,21.20M,0.93,2021
2021-02-26,17.25,18.66,19.2,17.11,29.80M,-24.21,2021
2021-02-25,22.76,23.74,24.01,22.73,7.08M,-4.49,2021
2021-02-24,23.83,23.56,24.2,23.41,5.51M,1.92,2021
2021-02-23,23.38,23.05,23.48,22.45,6.48M,1.43,2021
2021-02-22,23.05,23.0,23.23,22.72,5.78M,0.61,2021
2021-02-19,22.91,23.24,23.34,22.8,5.54M,-1.04,2021
2021-02-18,23.15,22.14,23.3,22.02,9.16M,5.18,2021
2021-02-17,22.01,22.0,22.3,21.71,4.51M,0.46,2021
2021-02-16,21.91,21.99,22.12,21.71,6.37M,2.72,2021
2021-02-12,21.33,21.58,21.61,21.22,2.38M,-0.88,2021
2021-02-11,21.52,21.49,21.63,21.34,3.89M,0.33,2021
2021-02-10,21.45,21.53,21.58,21.08,2.08M,0.56,2021
2021-02-09,21.33,21.12,21.47,20.98,2.68M,1.38,2021
2021-02-08,21.04,21.1,21.37,20.84,3.62M,-0.05,2021
2021-02-05,21.05,21.26,21.27,20.92,2.87M,-0.19,2021
2021-02-04,21.09,21.35,21.43,20.86,4.39M,-0.99,2021
2021-02-03,21.3,20.64,21.73,20.55,7.98M,2.31,2021
2021-02-02,20.82,20.57,21.11,20.47,4.56M,2.21,2021
2021-02-01,20.37,20.02,20.55,19.92,3.39M,2.0,2021
2021-01-29,19.97,20.06,20.48,19.97,3.90M,-1.04,2021
2021-01-28,20.18,20.16,20.48,19.78,3.32M,0.0,2021
2021-01-27,20.18,20.55,20.9,20.18,5.04M,-2.98,2021
2021-01-26,20.8,20.85,20.94,20.68,3.96M,-0.24,2021
2021-01-25,20.85,21.23,21.52,20.84,4.92M,-2.3,2021
2021-01-22,21.34,21.05,21.42,20.79,3.93M,0.71,2021
2021-01-21,21.19,21.37,21.46,20.96,4.56M,-1.07,2021
2021-01-20,21.42,21.71,21.82,21.31,4.58M,-1.34,2021
2021-01-19,21.71,21.66,21.88,21.51,3.68M,0.93,2021
2021-01-15,21.51,21.29,21.69,21.23,4.01M,0.84,2021
2021-01-14,21.33,21.87,21.9,21.31,4.13M,-2.16,2021
2021-01-13,21.8,21.55,21.98,21.46,3.05M,1.11,2021
2021-01-12,21.56,21.26,21.72,21.2,3.93M,1.84,2021
2021-01-11,21.17,20.74,21.27,20.56,4.90M,0.86,2021
2021-01-08,20.99,20.3,21.06,20.28,4.28M,4.01,2021
2021-01-07,20.18,20.3,20.61,20.12,3.35M,-0.54,2021
2021-01-06,20.29,20.01,20.9,20.01,5.53M,2.37,2021
2021-01-05,19.82,19.16,20.05,19.13,4.01M,3.34,2021
2021-01-04,19.18,19.64,19.73,19.16,4.34M,-2.44,2021
2020-12-31,19.66,19.56,19.75,19.4,2.65M,0.87,2020
2020-12-30,19.49,18.82,19.53,18.8,3.36M,3.12,2020
2020-12-29,18.9,19.2,19.33,18.86,2.39M,-1.15,2020
2020-12-28,19.12,18.8,19.16,18.77,2.38M,2.19,2020
2020-12-24,18.71,18.79,18.8,18.48,1.50M,1.3,2020
2020-12-23,18.47,18.25,18.57,18.08,4.27M,1.88,2020
2020-12-22,18.13,17.77,18.16,17.68,4.62M,3.25,2020
2020-12-21,17.56,17.74,17.77,17.39,5.94M,-0.51,2020
2020-12-18,17.65,17.9,18.08,17.58,5.84M,-1.56,2020
2020-12-17,17.93,17.98,18.11,17.78,4.99M,-0.83,2020
2020-12-16,18.08,18.53,18.55,17.91,3.95M,-2.06,2020
2020-12-15,18.46,18.2,18.51,17.96,4.28M,1.76,2020
2020-12-14,18.14,18.51,18.62,17.99,5.04M,-0.77,2020
2020-12-11,18.28,18.64,18.72,18.22,4.09M,-2.87,2020
2020-12-10,18.82,19.01,19.08,18.67,3.75M,-1.0,2020
2020-12-09,19.01,19.0,19.14,18.83,2.90M,0.32,2020
2020-12-08,18.95,18.81,18.97,18.52,3.58M,-0.11,2020
2020-12-07,18.97,19.2,19.2,18.66,3.88M,-0.94,2020
2020-12-04,19.15,18.89,19.24,18.88,2.39M,2.02,2020
2020-12-03,18.77,18.84,18.95,18.6,2.44M,-0.53,2020
2020-12-02,18.87,18.64,18.89,18.5,1.83M,0.48,2020
2020-12-01,18.78,18.75,19.12,18.69,2.87M,0.54,2020
2020-11-30,18.68,19.59,19.68,18.58,4.67M,-4.65,2020
2020-11-27,19.59,19.51,19.65,19.46,1.39M,0.62,2020
2020-11-25,19.47,19.37,19.58,19.24,2.25M,0.52,2020
2020-11-24,19.37,18.84,19.38,18.6,3.34M,4.31,2020
2020-11-23,18.57,18.34,18.67,18.32,2.00M,2.03,2020
2020-11-20,18.2,18.45,18.69,18.18,2.01M,-1.78,2020
2020-11-19,18.53,18.57,18.73,18.18,2.80M,-0.48,2020
2020-11-18,18.62,19.35,19.49,18.61,3.48M,-3.67,2020
2020-11-17,19.33,19.6,19.8,19.11,2.62M,-2.37,2020
2020-11-16,19.8,20.0,20.16,19.57,2.96M,0.35,2020
2020-11-13,19.73,19.17,19.84,19.17,2.65M,3.68,2020
2020-11-12,19.03,19.71,19.85,18.83,3.94M,-3.11,2020
2020-11-11,19.64,20.21,20.32,19.41,3.45M,-2.68,2020
2020-11-10,20.18,18.99,20.19,18.85,4.55M,6.72,2020
2020-11-09,18.91,19.01,19.65,18.64,4.57M,3.56,2020
2020-11-06,18.26,18.37,18.73,18.24,2.27M,-1.24,2020
2020-11-05,18.49,18.53,18.98,18.33,2.32M,0.82,2020
2020-11-04,18.34,18.6,18.88,18.06,3.31M,-0.27,2020
2020-11-03,18.39,18.05,18.68,18.03,4.05M,3.66,2020
2020-11-02,17.74,17.59,17.91,17.42,5.94M,2.13,2020
2020-10-30,17.37,17.31,17.66,17.23,3.82M,0.17,2020
2020-10-29,17.34,17.19,17.53,16.91,3.11M,-0.06,2020
2020-10-28,17.35,18.13,18.22,17.31,4.08M,-5.91,2020
2020-10-27,18.44,19.0,19.26,18.36,3.82M,-3.4,2020
2020-10-26,19.09,19.14,19.2,18.75,1.97M,-0.99,2020
2020-10-23,19.28,19.22,19.37,19.02,1.71M,1.15,2020
2020-10-22,19.06,18.99,19.19,18.65,1.94M,0.63,2020
2020-10-21,18.94,18.77,19.15,18.72,2.49M,-0.05,2020
2020-10-20,18.95,18.95,19.2,18.8,2.26M,0.74,2020
2020-10-19,18.81,19.09,19.13,18.81,2.18M,-1.1,2020
2020-10-16,19.02,18.79,19.26,18.66,2.49M,1.44,2020
2020-10-15,18.75,18.55,19.07,18.44,2.37M,-0.05,2020
2020-10-14,18.76,18.1,19.02,18.07,4.17M,4.05,2020
2020-10-13,18.03,17.9,18.15,17.69,5.60M,0.17,2020
2020-10-12,18.0,17.94,18.18,17.78,3.89M,0.06,2020
2020-10-09,17.99,18.36,18.43,17.99,3.36M,-1.59,2020
2020-10-08,18.28,17.94,18.31,17.9,5.21M,2.52,2020
2020-10-07,17.83,18.0,18.04,17.76,5.77M,-0.67,2020
2020-10-06,17.95,17.85,18.22,17.74,6.05M,0.79,2020
2020-10-05,17.81,18.04,18.23,17.79,5.86M,-1.0,2020
2020-10-02,17.99,17.44,18.04,17.21,4.15M,0.56,2020
2020-10-01,17.89,18.94,18.96,17.85,5.39M,-5.14,2020
2020-09-30,18.86,18.67,18.98,18.33,7.88M,1.78,2020
2020-09-29,18.53,18.15,18.86,18.15,8.58M,3.12,2020
2020-09-28,17.97,18.16,18.21,17.93,3.75M,-0.22,2020
2020-09-25,18.01,17.9,18.1,17.76,2.26M,0.11,2020
2020-09-24,17.99,17.95,18.11,17.64,2.92M,0.17,2020
2020-09-23,17.96,17.89,18.14,17.82,3.88M,0.79,2020
2020-09-22,17.82,18.08,18.19,17.68,4.18M,-0.39,2020
2020-09-21,17.89,17.81,18.09,17.67,3.74M,-1.21,2020
2020-09-18,18.11,18.25,18.5,18.01,4.21M,-0.93,2020
2020-09-17,18.28,18.47,18.5,18.11,4.83M,-1.77,2020
2020-09-16,18.61,18.32,18.83,18.3,4.20M,1.03,2020
2020-09-15,18.42,18.76,18.76,18.36,4.24M,-2.38,2020
2020-09-14,18.87,18.51,18.88,18.25,2.87M,1.94,2020
2020-09-11,18.51,18.42,18.51,17.93,2.95M,2.32,2020
2020-09-10,18.09,18.38,18.42,18.08,1.86M,-1.79,2020
2020-09-09,18.42,18.08,18.62,18.06,2.60M,3.19,2020
2020-09-08,17.85,18.23,18.4,17.75,2.85M,-2.08,2020
2020-09-04,18.23,18.77,18.9,18.02,2.35M,-2.77,2020
2020-09-03,18.75,19.26,19.52,18.67,2.08M,-2.8,2020
2020-09-02,19.29,18.79,19.43,18.51,1.80M,2.83,2020
2020-09-01,18.76,19.11,19.11,18.68,2.04M,-2.44,2020
2020-08-31,19.23,19.34,19.48,19.19,2.53M,-0.36,2020
2020-08-28,19.3,19.25,19.33,18.96,1.03M,1.05,2020
2020-08-27,19.1,18.83,19.14,18.72,2.44M,1.81,2020
2020-08-26,18.76,19.0,19.02,18.48,2.12M,-1.99,2020
2020-08-25,19.14,19.41,19.5,19.0,1.77M,-0.83,2020
2020-08-24,19.3,19.16,19.41,18.9,1.75M,1.05,2020
2020-08-21,19.1,19.31,19.53,19.05,3.08M,-1.55,2020
2020-08-20,19.4,19.6,19.75,19.34,2.02M,-1.67,2020
2020-08-19,19.73,20.21,20.21,19.69,2.40M,-2.04,2020
2020-08-18,20.14,19.4,20.4,19.35,6.43M,4.08,2020
2020-08-17,19.35,19.13,19.4,18.99,2.24M,1.57,2020
2020-08-14,19.05,18.93,19.19,18.8,1.32M,-0.31,2020
2020-08-13,19.11,19.27,19.33,18.99,1.06M,-1.19,2020
2020-08-12,19.34,19.08,19.44,19.02,2.37M,2.38,2020
2020-08-11,18.89,19.38,19.66,18.85,2.34M,-1.61,2020
2020-08-10,19.2,18.93,19.27,18.81,2.42M,1.59,2020
2020-08-07,18.9,18.73,19.15,18.49,3.99M,0.37,2020
2020-08-06,18.83,18.13,18.97,18.13,2.81M,3.12,2020
2020-08-05,18.26,19.0,19.39,18.09,4.89M,-2.67,2020
2020-08-04,18.76,18.73,19.23,18.69,4.56M,0.0,2020
2020-08-03,18.76,18.63,18.8,18.29,2.38M,0.54,2020
2020-07-31,18.66,18.79,18.86,18.43,2.51M,-0.74,2020
2020-07-30,18.8,18.64,18.86,18.23,1.88M,-0.37,2020
2020-07-29,18.87,18.48,18.91,18.44,2.51M,2.33,2020
2020-07-28,18.44,18.26,18.75,18.19,3.49M,1.32,2020
2020-07-27,18.2,18.88,18.88,18.0,5.01M,-3.6,2020
2020-07-24,18.88,19.19,19.48,18.68,4.42M,-1.46,2020
2020-07-23,19.16,19.46,19.62,19.07,5.56M,-1.84,2020
2020-07-22,19.52,19.12,19.63,18.91,4.87M,1.46,2020
2020-07-21,19.24,19.18,19.62,19.15,2.58M,0.73,2020
2020-07-20,19.1,19.53,19.62,18.95,4.47M,-2.65,2020
2020-07-17,19.62,19.41,19.7,19.41,1.62M,1.13,2020
2020-07-16,19.4,19.21,19.62,19.18,3.49M,0.52,2020
2020-07-15,19.3,19.39,19.57,19.17,2.40M,0.57,2020
2020-07-14,19.19,19.02,19.38,18.94,2.10M,0.42,2020
2020-07-13,19.11,18.96,19.49,18.85,3.54M,1.27,2020
2020-07-10,18.87,19.0,19.22,18.83,3.96M,-0.68,2020
2020-07-09,19.0,19.44,19.44,18.71,2.59M,-2.86,2020
2020-07-08,19.56,19.06,19.67,18.94,2.76M,3.06,2020
2020-07-07,18.98,19.11,19.11,18.9,2.67M,-1.56,2020
2020-07-06,19.28,19.34,19.53,19.05,2.18M,1.26,2020
2020-07-02,19.04,19.39,19.47,18.94,3.24M,-0.52,2020
2020-07-01,19.14,18.62,19.25,18.54,4.01M,2.79,2020
2020-06-30,18.62,18.6,18.72,18.32,4.13M,-0.64,2020
2020-06-29,18.74,18.29,18.75,17.99,3.30M,3.36,2020
2020-06-26,18.13,18.73,18.8,17.82,8.67M,-3.92,2020
2020-06-25,18.87,18.61,18.9,18.38,3.24M,1.4,2020
2020-06-24,18.61,18.66,18.88,18.43,4.05M,-1.48,2020
2020-06-23,18.89,19.72,19.76,18.75,5.69M,-3.87,2020
2020-06-22,19.65,19.74,19.75,19.31,4.79M,-0.91,2020
2020-06-19,19.83,20.57,20.63,19.8,7.36M,-2.27,2020
2020-06-18,20.29,20.11,20.42,20.02,4.70M,0.05,2020
2020-06-17,20.28,20.69,20.69,20.03,4.99M,-1.02,2020
2020-06-16,20.49,20.55,20.99,20.23,4.62M,3.12,2020
2020-06-15,19.87,19.64,20.16,19.31,2.98M,-1.63,2020
2020-06-12,20.2,20.38,20.55,19.73,4.00M,2.28,2020
2020-06-11,19.75,20.5,20.61,19.5,3.26M,-6.93,2020
2020-06-10,21.22,21.1,21.43,20.55,4.24M,0.24,2020
2020-06-09,21.17,21.85,21.88,21.02,4.26M,-3.77,2020
2020-06-08,22.0,21.21,22.01,21.0,6.98M,5.41,2020
2020-06-05,20.87,20.82,21.39,20.65,4.15M,2.91,2020
2020-06-04,20.28,20.73,20.84,19.95,3.99M,-2.55,2020
2020-06-03,20.81,20.84,20.93,20.49,3.27M,0.87,2020
2020-06-02,20.63,21.22,21.25,20.52,4.41M,-1.48,2020
2020-06-01,20.94,20.36,21.01,20.36,3.14M,2.45,2020
2020-05-29,20.44,20.76,20.94,20.14,7.39M,-1.78,2020
2020-05-28,20.81,20.37,20.93,20.12,4.09M,3.43,2020
2020-05-27,20.12,19.98,20.12,19.58,3.48M,2.03,2020
2020-05-26,19.72,20.16,20.47,19.66,5.27M,-0.45,2020
2020-05-22,19.81,19.54,19.83,19.31,1.97M,1.07,2020
2020-05-21,19.6,19.85,20.02,19.58,3.13M,-1.95,2020
2020-05-20,19.99,19.83,20.58,19.79,4.29M,2.36,2020
2020-05-19,19.53,19.8,20.02,19.53,2.72M,-1.96,2020
2020-05-18,19.92,19.22,20.03,19.22,4.31M,7.27,2020
2020-05-15,18.57,18.57,18.85,18.38,3.13M,-0.75,2020
2020-05-14,18.71,17.71,18.75,17.61,3.08M,4.99,2020
2020-05-13,17.82,17.99,18.25,17.5,4.92M,-1.55,2020
2020-05-12,18.1,18.27,18.5,18.03,2.91M,-1.2,2020
2020-05-11,18.32,18.72,18.72,18.14,3.01M,-3.07,2020
2020-05-08,18.9,18.23,19.1,18.09,3.21M,5.29,2020
2020-05-07,17.95,18.42,18.54,17.88,4.78M,-1.54,2020
2020-05-06,18.23,18.76,18.87,18.04,3.25M,-2.62,2020
2020-05-05,18.72,20.68,20.68,18.68,5.49M,-1.32,2020
2020-05-04,18.97,19.15,19.25,18.65,3.78M,-1.96,2020
2020-05-01,19.35,19.16,19.52,18.85,3.54M,-0.97,2020
2020-04-30,19.54,19.55,19.69,19.08,3.62M,-1.06,2020
2020-04-29,19.75,19.79,20.2,19.47,5.21M,2.81,2020
2020-04-28,19.21,19.33,19.94,19.07,3.90M,1.37,2020
2020-04-27,18.95,18.39,19.07,18.13,3.01M,5.04,2020
2020-04-24,18.04,17.52,18.23,17.46,1.73M,3.09,2020
2020-04-23,17.5,17.75,17.77,17.37,2.39M,-0.79,2020
2020-04-22,17.64,17.39,17.73,17.07,2.85M,3.64,2020
2020-04-21,17.02,16.53,17.08,16.36,4.58M,0.77,2020
2020-04-20,16.89,17.22,17.59,16.68,5.46M,-3.71,2020
2020-04-17,17.54,16.5,17.63,16.41,4.38M,8.94,2020
2020-04-16,16.1,16.27,16.32,15.77,5.72M,-0.56,2020
2020-04-15,16.19,16.87,16.97,15.98,5.43M,-7.06,2020
2020-04-14,17.42,17.46,17.71,16.97,4.03M,1.63,2020
2020-04-13,17.14,17.69,17.74,16.47,2.81M,-3.65,2020
2020-04-09,17.79,17.78,18.69,17.42,3.39M,1.89,2020
2020-04-08,17.46,16.4,17.53,16.31,2.94M,7.12,2020
2020-04-07,16.3,16.6,16.97,16.26,4.79M,1.75,2020
2020-04-06,16.02,16.49,16.82,15.73,6.45M,1.2,2020
2020-04-03,15.83,15.85,16.15,15.6,7.31M,-0.94,2020
2020-04-02,15.98,15.16,16.03,15.09,6.46M,4.24,2020
2020-04-01,15.33,15.27,15.45,15.04,4.54M,-3.95,2020
2020-03-31,15.96,15.83,16.26,15.6,5.45M,-0.62,2020
2020-03-30,16.06,16.49,16.63,15.46,4.09M,-2.01,2020
2020-03-27,16.39,15.3,16.69,14.73,6.82M,3.8,2020
2020-03-26,15.79,14.9,16.2,14.26,7.05M,7.49,2020
2020-03-25,14.69,14.64,15.52,13.9,6.98M,0.55,2020
2020-03-24,14.61,13.73,15.02,13.68,6.68M,13.08,2020
2020-03-23,12.92,14.03,14.12,12.7,9.83M,-8.24,2020
2020-03-20,14.08,14.6,14.73,13.82,11.44M,-0.98,2020
2020-03-19,14.22,12.48,14.42,12.35,7.46M,12.86,2020
2020-03-18,12.6,11.95,13.04,11.3,8.80M,-2.25,2020
2020-03-17,12.89,14.07,14.38,12.66,5.37M,-5.84,2020
2020-03-16,13.69,14.26,15.47,13.5,6.74M,-11.62,2020
2020-03-13,15.49,15.41,15.91,14.51,8.78M,6.46,2020
2020-03-12,14.55,16.36,16.75,14.27,9.96M,-18.21,2020
2020-03-11,17.79,18.76,18.94,17.27,10.65M,-8.01,2020
2020-03-10,19.34,18.97,19.38,17.89,5.20M,4.94,2020
2020-03-09,18.43,19.04,19.32,18.04,7.63M,-10.23,2020
2020-03-06,20.53,19.91,20.83,19.84,3.91M,-0.53,2020
2020-03-05,20.64,20.88,21.0,20.38,4.20M,-1.95,2020
2020-03-04,21.05,20.52,21.08,20.42,5.56M,3.95,2020
2020-03-03,20.25,20.25,21.03,20.1,5.85M,0.55,2020
2020-03-02,20.14,19.3,20.23,18.94,8.02M,4.73,2020
2020-02-28,19.23,20.43,20.43,18.75,12.56M,-6.61,2020
2020-02-27,20.59,21.58,21.6,20.46,7.34M,-5.03,2020
2020-02-26,21.68,22.32,22.62,21.67,6.51M,-2.08,2020
2020-02-25,22.14,23.04,23.28,22.13,6.93M,-3.66,2020
2020-02-24,22.98,23.18,23.19,22.62,3.82M,-1.92,2020
2020-02-21,23.43,22.87,23.46,22.79,4.10M,2.27,2020
2020-02-20,22.91,22.71,22.96,22.59,3.44M,0.97,2020
2020-02-19,22.69,23.4,23.45,22.68,3.21M,-2.87,2020
2020-02-18,23.36,23.38,23.6,23.16,4.23M,0.3,2020
2020-02-14,23.29,23.13,23.3,23.06,3.26M,0.95,2020
2020-02-13,23.07,22.93,23.09,22.86,1.85M,0.61,2020
2020-02-12,22.93,22.83,23.2,22.83,5.16M,-0.22,2020
2020-02-11,22.98,22.37,23.44,22.33,9.17M,3.19,2020
2020-02-10,22.27,22.3,22.38,22.07,2.97M,-0.13,2020
2020-02-07,22.3,21.74,22.36,21.74,4.74M,2.67,2020
2020-02-06,21.72,21.96,22.01,21.72,3.95M,-0.96,2020
2020-02-05,21.93,22.07,22.5,21.85,4.30M,-0.5,2020
2020-02-04,22.04,22.68,22.83,22.04,3.92M,-2.35,2020
2020-02-03,22.57,22.53,22.75,22.37,3.29M,0.22,2020
2020-01-31,22.52,22.3,22.6,22.22,5.03M,0.49,2020
2020-01-30,22.41,22.16,22.45,21.82,4.80M,1.27,2020
2020-01-29,22.13,21.51,22.22,21.36,5.30M,2.74,2020
2020-01-28,21.54,21.71,21.79,21.54,2.61M,-0.51,2020
2020-01-27,21.65,22.01,22.09,21.65,3.04M,-2.35,2020
2020-01-24,22.17,22.88,22.93,22.06,3.77M,-3.44,2020
2020-01-23,22.96,22.77,23.01,22.63,3.58M,0.97,2020
2020-01-22,22.74,22.83,23.02,22.69,2.73M,0.13,2020
2020-01-21,22.71,22.93,22.99,22.7,3.70M,-1.0,2020
2020-01-17,22.94,23.26,23.36,22.93,3.21M,-1.12,2020
2020-01-16,23.2,22.81,23.43,22.81,6.54M,2.07,2020
2020-01-15,22.73,22.6,23.01,22.6,4.74M,0.26,2020
2020-01-14,22.67,22.51,22.74,22.48,3.81M,0.62,2020
2020-01-13,22.53,22.72,22.86,22.5,5.55M,-1.01,2020
2020-01-10,22.76,22.86,23.07,22.66,4.13M,-0.44,2020
2020-01-09,22.86,23.15,23.22,22.83,3.96M,-1.17,2020
2020-01-08,23.13,22.79,23.21,22.7,5.78M,1.31,2020
2020-01-07,22.83,22.61,22.88,22.54,4.70M,0.62,2020
2020-01-06,22.69,23.04,23.14,22.61,4.90M,-1.69,2020
2020-01-03,23.08,22.72,23.13,22.72,3.77M,1.05,2020
2020-01-02,22.84,23.08,23.08,22.62,3.93M,-0.65,2020
2019-12-31,22.99,22.74,23.05,22.72,3.48M,0.74,2019
2019-12-30,22.82,22.72,23.02,22.68,3.85M,0.0,2019
2019-12-27,22.82,23.0,23.09,22.64,4.28M,-0.91,2019
2019-12-26,23.03,23.55,23.58,22.97,3.35M,-1.96,2019
2019-12-24,23.49,23.68,23.71,23.44,1.18M,-0.68,2019
2019-12-23,23.65,24.07,24.08,23.55,4.75M,-1.5,2019
2019-12-20,24.01,24.28,24.6,23.94,13.69M,-0.91,2019
2019-12-19,24.23,23.89,24.52,23.88,7.40M,1.47,2019
2019-12-18,23.88,23.9,24.19,23.74,5.74M,-0.25,2019
2019-12-17,23.94,24.39,24.41,23.83,5.75M,-1.24,2019
2019-12-16,24.24,23.68,24.3,23.66,6.45M,2.24,2019
2019-12-13,23.71,24.0,24.1,23.66,3.24M,-1.41,2019
2019-12-12,24.05,24.0,24.23,23.92,3.56M,0.63,2019
2019-12-11,23.9,23.78,24.11,23.78,3.46M,0.25,2019
2019-12-10,23.84,23.9,24.06,23.43,7.24M,0.72,2019
2019-12-09,23.67,24.17,24.27,23.57,7.54M,-1.74,2019
2019-12-06,24.09,24.48,24.59,24.01,7.96M,-1.47,2019
2019-12-05,24.45,25.21,25.3,24.33,7.18M,-2.63,2019
2019-12-04,25.11,25.73,25.73,24.95,15.05M,-4.92,2019
2019-12-03,26.41,26.43,26.51,26.09,3.00M,-0.19,2019
2019-12-02,26.46,26.52,26.69,26.44,3.35M,-0.26,2019
2019-11-29,26.53,26.43,26.68,26.27,1.48M,0.19,2019
2019-11-27,26.48,26.28,26.51,26.14,1.76M,1.18,2019
2019-11-26,26.17,26.31,26.31,26.0,3.04M,-0.38,2019
2019-11-25,26.27,26.5,26.7,26.17,2.72M,-0.98,2019
2019-11-22,26.53,26.43,26.69,26.3,2.88M,0.34,2019
2019-11-21,26.44,26.72,26.8,26.27,3.36M,-0.94,2019
2019-11-20,26.69,26.36,26.69,26.36,4.80M,0.95,2019
2019-11-19,26.44,26.72,26.72,26.2,4.17M,-0.9,2019
2019-11-18,26.68,26.28,26.78,26.25,6.28M,1.83,2019
2019-11-15,26.2,26.39,26.51,26.12,7.21M,-0.53,2019
2019-11-14,26.34,26.06,26.53,25.84,10.56M,1.31,2019
2019-11-13,26.0,26.29,26.29,25.98,3.99M,-1.14,2019
2019-11-12,26.3,26.01,26.48,26.01,3.35M,0.8,2019
2019-11-11,26.09,26.04,26.22,26.01,3.31M,0.35,2019
2019-11-08,26.0,26.21,26.29,25.89,3.82M,-0.8,2019
2019-11-07,26.21,26.23,26.73,25.82,5.22M,1.79,2019
2019-11-06,25.75,26.44,26.58,25.65,4.23M,-2.31,2019
2019-11-05,26.36,27.56,27.96,26.32,6.03M,-3.69,2019
2019-11-04,27.37,27.13,27.52,27.07,5.00M,0.74,2019
2019-11-01,27.17,27.09,27.28,26.95,3.49M,0.52,2019
2019-10-31,27.03,27.2,27.42,26.98,3.56M,-0.81,2019
2019-10-30,27.25,27.08,27.29,26.83,4.52M,0.81,2019
2019-10-29,27.03,26.86,27.18,26.79,4.23M,0.15,2019
2019-10-28,26.99,27.14,27.23,26.98,2.67M,-0.41,2019
2019-10-25,27.1,26.95,27.15,26.92,3.16M,0.41,2019
2019-10-24,26.99,27.17,27.17,26.85,2.82M,-0.18,2019
2019-10-23,27.04,27.06,27.16,26.88,2.59M,-0.22,2019
2019-10-22,27.1,27.12,27.2,26.94,2.61M,0.18,2019
2019-10-21,27.05,26.95,27.22,26.95,3.26M,0.97,2019
2019-10-18,26.79,26.84,26.95,26.57,4.19M,-0.19,2019
2019-10-17,26.84,26.76,26.93,26.64,2.90M,0.68,2019
2019-10-16,26.66,26.84,26.94,26.54,3.00M,-0.89,2019
2019-10-15,26.9,27.0,27.15,26.8,3.63M,-0.26,2019
2019-10-14,26.97,27.23,27.23,26.91,2.32M,-0.44,2019
2019-10-11,27.09,27.03,27.41,26.93,3.63M,0.63,2019
2019-10-10,26.92,27.05,27.05,26.75,3.64M,-0.55,2019
2019-10-09,27.07,27.18,27.32,26.94,3.09M,-0.26,2019
2019-10-08,27.14,26.94,27.48,26.82,4.40M,0.52,2019
2019-10-07,27.0,26.93,27.22,26.81,4.63M,0.26,2019
2019-10-04,26.93,26.34,26.93,26.17,2.80M,2.67,2019
2019-10-03,26.23,26.16,26.3,26.02,3.15M,0.42,2019
2019-10-02,26.12,26.39,26.46,26.12,5.05M,-1.43,2019
2019-10-01,26.5,26.71,26.87,26.47,2.71M,-0.86,2019
2019-09-30,26.73,26.62,26.88,26.59,4.15M,-0.04,2019
2019-09-27,26.74,26.94,26.97,26.55,3.23M,-0.52,2019
2019-09-26,26.88,27.15,27.16,26.76,3.35M,-0.99,2019
2019-09-25,27.15,26.91,27.21,26.74,4.00M,0.63,2019
2019-09-24,26.98,27.02,27.21,26.71,4.22M,0.07,2019
2019-09-23,26.96,27.08,27.23,26.93,4.13M,-0.66,2019
2019-09-20,27.14,26.8,27.19,26.66,9.03M,1.72,2019
2019-09-19,26.68,26.85,26.92,26.58,4.21M,-0.26,2019
2019-09-18,26.75,26.71,26.83,26.48,6.02M,0.34,2019
2019-09-17,26.66,26.59,26.95,26.56,7.37M,0.38,2019
2019-09-16,26.56,26.26,26.68,26.12,4.66M,1.18,2019
2019-09-13,26.25,26.0,26.28,25.84,3.74M,-0.08,2019
2019-09-12,26.27,26.01,26.48,25.98,3.64M,1.16,2019
2019-09-11,25.97,25.63,26.1,25.59,9.11M,1.37,2019
2019-09-10,25.62,25.63,26.12,25.59,6.05M,0.27,2019
2019-09-09,25.55,25.52,25.67,25.38,5.31M,0.08,2019
2019-09-06,25.53,25.75,25.88,25.4,4.90M,-0.58,2019
2019-09-05,25.68,25.22,25.72,25.11,3.82M,1.82,2019
2019-09-04,25.22,25.3,25.46,25.02,3.84M,0.6,2019
2019-09-03,25.07,24.9,25.11,24.79,5.28M,0.48,2019
2019-08-30,24.95,24.5,25.02,24.5,3.06M,2.25,2019
2019-08-29,24.4,24.2,24.44,24.18,4.06M,1.5,2019
2019-08-28,24.04,24.0,24.05,23.93,2.87M,0.21,2019
2019-08-27,23.99,24.35,24.59,23.95,4.23M,-1.11,2019
2019-08-26,24.26,24.1,24.27,23.95,3.06M,1.17,2019
2019-08-23,23.98,24.22,24.4,23.9,5.87M,-0.66,2019
2019-08-22,24.14,24.12,24.41,24.05,4.26M,0.12,2019
2019-08-21,24.11,23.94,24.19,23.76,6.58M,1.35,2019
2019-08-20,23.79,23.61,23.83,23.29,7.21M,0.42,2019
2019-08-19,23.69,23.99,23.99,23.45,5.32M,0.0,2019
2019-08-16,23.69,22.7,23.74,22.7,5.84M,4.78,2019
2019-08-15,22.61,22.4,22.74,22.25,5.83M,1.44,2019
2019-08-14,22.29,22.53,22.87,22.22,8.13M,-1.33,2019
2019-08-13,22.59,22.05,22.74,22.0,4.38M,2.36,2019
2019-08-12,22.07,22.03,22.11,21.75,2.18M,-0.27,2019
2019-08-09,22.13,22.7,22.77,22.13,3.18M,-2.73,2019
2019-08-08,22.75,22.09,22.83,22.05,4.78M,3.13,2019
2019-08-07,22.06,22.23,22.61,22.06,6.23M,-0.99,2019
2019-08-06,22.28,21.75,22.32,21.63,5.02M,2.58,2019
2019-08-05,21.72,21.84,21.95,21.51,5.24M,-1.45,2019
2019-08-02,22.04,21.75,22.36,21.35,4.69M,2.27,2019
2019-08-01,21.55,21.45,21.8,21.35,3.27M,0.42,2019
2019-07-31,21.46,21.85,21.96,21.43,5.40M,-1.87,2019
2019-07-30,21.87,21.68,21.9,21.6,2.87M,0.46,2019
2019-07-29,21.77,21.77,21.93,21.53,3.18M,0.09,2019
2019-07-26,21.75,21.95,22.06,21.65,1.96M,-0.78,2019
2019-07-25,21.92,21.46,22.07,21.44,2.95M,1.67,2019
2019-07-24,21.56,21.41,21.64,21.32,1.96M,0.61,2019
2019-07-23,21.43,21.67,21.68,21.36,2.45M,-0.83,2019
2019-07-22,21.61,21.84,21.86,21.58,2.98M,-1.01,2019
2019-07-19,21.83,22.14,22.27,21.83,2.98M,-1.27,2019
2019-07-18,22.11,22.17,22.28,21.84,2.63M,-0.5,2019
2019-07-17,22.22,21.95,22.37,21.95,3.06M,1.14,2019
2019-07-16,21.97,22.45,22.64,21.86,4.41M,-2.57,2019
2019-07-15,22.55,22.6,22.64,22.35,2.72M,-0.13,2019
2019-07-12,22.58,22.47,22.72,22.22,2.32M,0.85,2019
2019-07-11,22.39,22.44,22.46,22.16,5.32M,-0.18,2019
2019-07-10,22.43,22.44,22.75,22.39,3.61M,0.04,2019
2019-07-09,22.42,22.39,22.56,22.26,3.37M,-0.04,2019
2019-07-08,22.43,22.41,22.56,22.17,4.83M,-0.49,2019
2019-07-05,22.54,22.46,22.84,22.39,3.07M,0.0,2019
2019-07-03,22.54,22.69,22.89,22.52,6.18M,-0.35,2019
2019-07-02,22.62,22.79,22.84,22.43,4.03M,-0.62,2019
2019-07-01,22.76,22.71,22.85,22.43,4.20M,0.53,2019
2019-06-28,22.64,22.3,22.66,22.29,8.41M,1.8,2019
2019-06-27,22.24,22.26,22.37,21.89,9.46M,-0.09,2019
2019-06-26,22.26,23.33,23.47,22.2,9.89M,-4.75,2019
2019-06-25,23.37,23.9,23.91,23.29,5.54M,-2.18,2019
2019-06-24,23.89,24.2,24.23,23.77,4.64M,-0.87,2019
2019-06-21,24.1,24.21,24.32,23.75,11.38M,-0.37,2019
2019-06-20,24.19,24.11,24.25,23.9,3.04M,1.55,2019
2019-06-19,23.82,23.6,23.92,23.59,3.86M,0.93,2019
2019-06-18,23.6,23.44,23.72,23.36,4.43M,1.46,2019
2019-06-17,23.26,23.74,23.75,23.16,6.94M,-2.15,2019
2019-06-14,23.77,23.86,23.9,23.55,2.88M,-0.38,2019
2019-06-13,23.86,24.14,24.34,23.75,3.47M,-1.49,2019
2019-06-12,24.22,24.62,24.7,24.04,3.58M,-1.42,2019
2019-06-11,24.57,24.12,24.59,24.04,2.90M,1.91,2019
2019-06-10,24.11,24.3,24.48,24.04,2.85M,-0.82,2019
2019-06-07,24.31,24.72,24.81,24.29,4.27M,-1.26,2019
2019-06-06,24.62,24.71,25.14,24.41,2.78M,0.04,2019
2019-06-05,24.61,24.37,24.69,24.1,4.00M,1.4,2019
2019-06-04,24.27,24.12,24.31,23.52,5.74M,2.15,2019
2019-06-03,23.76,23.62,23.89,23.53,3.87M,0.85,2019
2019-05-31,23.56,23.23,23.86,23.19,7.73M,0.6,2019
2019-05-30,23.42,23.98,24.12,22.96,6.92M,-2.5,2019
2019-05-29,24.02,24.58,24.65,23.75,5.22M,-2.32,2019
2019-05-28,24.59,24.57,24.89,24.3,5.94M,0.45,2019
2019-05-24,24.48,24.83,24.92,24.48,3.02M,-1.29,2019
2019-05-23,24.8,25.31,25.33,24.59,4.29M,-2.55,2019
2019-05-22,25.45,25.64,25.75,25.28,3.87M,-1.17,2019
2019-05-21,25.75,25.13,25.98,25.13,8.59M,2.75,2019
2019-05-20,25.06,24.75,25.31,24.69,4.87M,1.01,2019
2019-05-17,24.81,24.45,24.99,24.42,5.58M,0.61,2019
2019-05-16,24.66,24.48,24.88,24.43,3.58M,0.65,2019
2019-05-15,24.5,24.54,24.81,24.28,3.51M,-0.28,2019
2019-05-14,24.57,24.55,25.01,24.5,5.19M,0.41,2019
2019-05-13,24.47,24.45,24.49,24.03,5.87M,-1.45,2019
2019-05-10,24.83,24.92,25.01,24.57,4.87M,-0.08,2019
2019-05-09,24.85,24.95,25.04,24.52,5.93M,-1.35,2019
2019-05-08,25.19,25.9,26.02,24.6,10.49M,-3.67,2019
2019-05-07,26.15,26.1,26.57,26.07,5.21M,-0.61,2019
2019-05-06,26.31,26.83,26.85,26.07,5.33M,-1.31,2019
2019-05-03,26.66,27.56,27.86,26.59,5.23M,-2.17,2019
2019-05-02,27.25,27.11,27.48,27.07,4.38M,0.0,2019
2019-05-01,27.25,27.23,27.46,27.11,3.83M,0.0,2019
2019-04-30,27.25,27.02,27.27,26.93,6.18M,0.74,2019
2019-04-29,27.05,27.07,27.15,26.9,2.57M,0.11,2019
2019-04-26,27.02,26.92,27.1,26.87,3.63M,0.82,2019
2019-04-25,26.8,26.61,27.0,26.43,3.32M,0.79,2019
2019-04-24,26.59,26.45,26.7,26.33,2.74M,0.64,2019
2019-04-23,26.42,26.26,26.57,26.21,2.54M,0.84,2019
2019-04-22,26.2,25.99,26.33,25.99,3.17M,0.73,2019
2019-04-18,26.01,25.79,26.16,25.73,3.18M,1.32,2019
2019-04-17,25.67,26.05,26.21,25.49,3.48M,-1.19,2019
2019-04-16,25.98,25.98,26.26,25.95,3.23M,-0.04,2019
2019-04-15,25.99,26.13,26.36,25.89,2.84M,-0.42,2019
2019-04-12,26.1,26.11,26.15,25.92,3.59M,0.23,2019
2019-04-11,26.04,25.97,26.16,25.9,3.49M,0.54,2019
2019-04-10,25.9,25.53,26.06,25.46,3.99M,1.61,2019
2019-04-09,25.49,25.77,25.8,25.31,4.31M,-1.05,2019
2019-04-08,25.76,25.9,25.92,25.6,3.86M,-0.69,2019
2019-04-05,25.94,26.12,26.15,25.77,3.95M,-0.42,2019
2019-04-04,26.05,26.14,26.21,25.84,3.38M,-0.53,2019
2019-04-03,26.19,26.34,26.61,26.15,3.73M,-0.49,2019
2019-04-02,26.32,26.07,26.34,25.91,2.90M,1.11,2019
2019-04-01,26.03,26.15,26.39,25.84,2.73M,0.0,2019
2019-03-29,26.03,25.72,26.2,25.72,4.17M,0.89,2019
2019-03-28,25.8,25.95,26.07,25.68,5.10M,-0.39,2019
2019-03-27,25.9,26.02,26.1,25.66,5.56M,-0.23,2019
2019-03-26,25.96,26.22,26.3,25.85,3.70M,-0.5,2019
2019-03-25,26.09,26.08,26.35,25.79,4.30M,0.42,2019
2019-03-22,25.98,26.25,26.36,25.94,3.88M,-0.61,2019
2019-03-21,26.14,25.63,26.25,25.63,2.99M,2.11,2019
2019-03-20,25.6,25.61,25.92,25.56,4.26M,0.08,2019
2019-03-19,25.58,25.81,25.97,25.5,2.72M,-0.81,2019
2019-03-18,25.79,25.58,25.79,25.52,2.92M,0.78,2019
2019-03-15,25.59,25.55,25.86,25.31,3.76M,0.16,2019
2019-03-14,25.55,25.87,25.87,25.5,2.37M,-1.81,2019
2019-03-13,26.02,25.96,26.41,25.93,5.23M,0.54,2019
2019-03-12,25.88,25.32,25.92,25.15,4.60M,2.5,2019
2019-03-11,25.25,25.16,25.33,25.05,3.28M,0.48,2019
2019-03-08,25.13,24.76,25.14,24.57,3.97M,0.76,2019
2019-03-07,24.94,25.31,25.44,24.84,3.58M,-1.15,2019
2019-03-06,25.23,25.43,25.53,25.13,4.47M,-0.98,2019
2019-03-05,25.48,25.34,25.7,24.97,5.09M,0.2,2019
2019-03-04,25.43,26.68,26.75,25.04,7.13M,-4.22,2019
2019-03-01,26.55,26.17,26.62,26.0,3.23M,1.96,2019
2019-02-28,26.04,25.98,26.5,25.62,4.58M,-0.42,2019
2019-02-27,26.15,26.28,26.43,26.05,3.59M,-0.49,2019
2019-02-26,26.28,26.61,26.61,26.16,4.18M,-1.05,2019
2019-02-25,26.56,26.89,26.91,26.4,2.57M,-1.23,2019
2019-02-22,26.89,26.77,27.01,26.72,2.10M,0.49,2019
2019-02-21,26.76,26.51,26.86,26.43,2.70M,0.45,2019
2019-02-20,26.64,26.55,26.78,26.43,3.89M,0.19,2019
2019-02-19,26.59,26.47,26.71,26.4,3.67M,0.3,2019
2019-02-15,26.51,26.43,26.55,26.24,3.04M,0.76,2019
2019-02-14,26.31,26.14,26.44,26.07,2.29M,0.69,2019
2019-02-13,26.13,26.27,26.55,26.02,3.82M,-0.61,2019
2019-02-12,26.29,26.25,26.61,26.2,3.83M,0.69,2019
2019-02-11,26.11,26.0,26.17,25.89,2.21M,0.69,2019
2019-02-08,25.93,25.49,25.94,25.48,3.84M,1.57,2019
2019-02-07,25.53,25.25,25.61,25.17,2.21M,1.07,2019
2019-02-06,25.26,25.16,25.45,25.09,2.27M,0.24,2019
2019-02-05,25.2,25.54,25.63,25.13,2.69M,-0.79,2019
2019-02-04,25.4,25.1,25.53,24.93,3.42M,1.32,2019
2019-02-01,25.07,25.1,25.46,25.04,3.22M,-0.16,2019
2019-01-31,25.11,24.86,25.36,24.75,3.32M,0.76,2019
2019-01-30,24.92,24.75,25.05,24.68,2.27M,1.14,2019
2019-01-29,24.64,24.4,24.85,24.4,2.16M,0.94,2019
2019-01-28,24.41,24.48,24.72,24.38,3.82M,-0.97,2019
2019-01-25,24.65,24.65,24.84,24.51,3.38M,0.04,2019
2019-01-24,24.64,24.75,24.89,24.45,3.84M,-0.48,2019
2019-01-23,24.76,24.38,24.93,24.38,4.39M,1.98,2019
2019-01-22,24.28,24.34,24.45,24.0,3.87M,0.33,2019
2019-01-18,24.2,24.7,24.85,24.11,3.44M,-1.67,2019
2019-01-17,24.61,24.26,24.79,24.2,3.33M,1.48,2019
2019-01-16,24.25,23.71,24.34,23.66,3.90M,2.19,2019
2019-01-15,23.73,23.43,24.02,23.43,3.06M,0.76,2019
2019-01-14,23.55,23.64,23.83,23.31,4.24M,-1.01,2019
2019-01-11,23.79,24.09,24.09,23.49,3.30M,-1.33,2019
2019-01-10,24.11,23.26,24.12,23.26,4.59M,3.43,2019
2019-01-09,23.31,23.45,23.57,23.21,3.42M,-0.68,2019
2019-01-08,23.47,23.51,23.86,23.31,3.68M,0.04,2019
2019-01-07,23.46,23.12,23.89,23.07,5.25M,1.69,2019
2019-01-04,23.07,22.31,23.13,22.31,3.02M,4.06,2019
2019-01-03,22.17,22.36,22.66,22.02,2.94M,-0.94,2019
2019-01-02,22.38,22.51,23.1,22.27,3.95M,-2.23,2019
2018-12-31,22.89,22.41,22.93,22.36,2.70M,2.65,2018
2018-12-28,22.3,22.34,22.6,22.1,2.66M,-0.04,2018
2018-12-27,22.31,21.97,22.32,21.49,3.09M,0.5,2018
2018-12-26,22.2,21.23,22.26,21.03,6.04M,4.77,2018
2018-12-24,21.19,21.29,21.49,20.84,2.73M,-1.12,2018
2018-12-21,21.43,22.31,22.47,21.34,7.80M,-3.69,2018
2018-12-20,22.25,23.08,23.14,22.0,7.68M,-3.93,2018
2018-12-19,23.16,23.39,23.7,23.01,4.56M,-0.86,2018
2018-12-18,23.36,24.01,24.45,23.27,5.06M,-2.22,2018
2018-12-17,23.89,24.72,24.8,23.79,6.23M,-3.32,2018
2018-12-14,24.71,24.62,25.09,24.56,4.24M,-0.52,2018
2018-12-13,24.84,24.44,25.09,24.41,5.78M,1.72,2018
2018-12-12,24.42,24.18,24.8,24.01,7.33M,2.09,2018
2018-12-11,23.92,23.84,24.25,23.61,5.07M,1.14,2018
2018-12-10,23.65,23.65,23.96,23.4,4.26M,-1.25,2018
2018-12-07,23.95,24.19,24.36,23.87,5.02M,-0.58,2018
2018-12-06,24.09,23.3,24.22,22.9,9.42M,2.6,2018
2018-12-04,23.48,23.8,24.12,23.48,4.47M,-1.26,2018
2018-12-03,23.78,23.71,23.95,23.59,5.52M,1.28,2018
2018-11-30,23.48,23.22,23.61,23.18,6.24M,1.21,2018
2018-11-29,23.2,23.35,23.52,22.97,4.54M,-0.64,2018
2018-11-28,23.35,23.04,23.51,23.01,4.79M,1.88,2018
2018-11-27,22.92,23.2,23.28,22.87,2.75M,-1.16,2018
2018-11-26,23.19,22.98,23.35,22.91,4.43M,1.44,2018
2018-11-23,22.86,22.73,23.01,22.69,1.64M,0.26,2018
2018-11-21,22.8,22.54,23.26,22.54,5.25M,1.92,2018
2018-11-20,22.37,23.39,23.41,22.02,10.88M,-5.01,2018
2018-11-19,23.55,23.64,23.98,23.48,6.66M,-0.51,2018
2018-11-16,23.67,23.5,23.8,23.3,5.24M,1.63,2018
2018-11-15,23.29,23.73,23.83,23.02,3.86M,-2.35,2018
2018-11-14,23.85,24.29,24.45,23.65,3.39M,-1.93,2018
2018-11-13,24.32,24.75,24.94,24.23,2.71M,-1.18,2018
2018-11-12,24.61,24.08,24.77,23.97,3.83M,2.2,2018
2018-11-09,24.08,24.01,24.42,23.93,4.19M,-0.7,2018
2018-11-08,24.25,24.62,24.88,23.99,3.64M,-1.86,2018
2018-11-07,24.71,24.57,24.85,24.44,4.83M,0.94,2018
2018-11-06,24.48,24.81,25.21,24.23,4.61M,-1.96,2018
2018-11-05,24.97,24.47,25.01,24.47,6.76M,2.38,2018
2018-11-02,24.39,24.0,24.84,23.75,14.07M,5.58,2018
2018-11-01,23.1,22.61,23.15,22.36,4.29M,2.08,2018
2018-10-31,22.63,22.01,22.77,22.01,5.74M,3.38,2018
2018-10-30,21.89,21.8,22.07,21.56,3.71M,0.37,2018
2018-10-29,21.81,22.24,22.4,21.63,4.17M,-1.36,2018
2018-10-26,22.11,22.17,22.35,21.76,4.34M,-0.67,2018
2018-10-25,22.26,22.3,22.57,22.22,4.28M,0.54,2018
2018-10-24,22.14,22.57,22.64,22.05,3.28M,-1.6,2018
2018-10-23,22.5,22.78,22.8,21.82,8.85M,-2.22,2018
2018-10-22,23.01,22.67,23.2,22.39,8.10M,1.59,2018
2018-10-19,22.65,22.87,23.19,22.63,3.82M,-0.92,2018
2018-10-18,22.86,23.24,23.3,22.8,5.40M,-2.27,2018
2018-10-17,23.39,24.02,24.04,23.13,5.48M,-2.5,2018
2018-10-16,23.99,23.94,24.36,23.72,6.07M,0.67,2018
2018-10-15,23.83,24.21,24.44,23.78,6.14M,-1.61,2018
2018-10-12,24.22,24.46,24.61,23.8,5.22M,0.04,2018
2018-10-11,24.21,24.9,24.94,24.15,5.26M,-2.77,2018
2018-10-10,24.9,25.17,25.49,24.89,4.84M,-1.62,2018
2018-10-09,25.31,25.4,25.59,24.95,5.03M,-0.47,2018
2018-10-08,25.43,25.59,25.82,25.26,3.75M,-0.74,2018
2018-10-05,25.62,25.35,25.64,25.18,4.19M,1.47,2018
2018-10-04,25.25,25.35,25.52,25.07,4.22M,-0.67,2018
2018-10-03,25.42,25.42,26.02,25.32,6.89M,-0.12,2018
2018-10-02,25.45,25.36,26.29,25.28,12.20M,0.75,2018
2018-10-01,25.26,24.92,25.26,24.78,4.82M,1.53,2018
2018-09-28,24.88,24.18,25.22,24.18,8.27M,2.89,2018
2018-09-27,24.18,23.82,24.25,23.69,3.43M,1.85,2018
2018-09-26,23.74,23.65,24.02,23.54,4.47M,0.81,2018
2018-09-25,23.55,23.65,23.94,23.25,3.80M,-1.34,2018
2018-09-24,23.87,23.79,24.02,23.68,2.80M,0.13,2018
2018-09-21,23.84,23.4,23.98,23.37,9.45M,1.79,2018
2018-09-20,23.42,23.22,23.61,23.17,3.28M,1.56,2018
2018-09-19,23.06,23.34,23.55,23.02,4.88M,-0.9,2018
2018-09-18,23.27,23.02,23.43,23.0,4.49M,1.04,2018
2018-09-17,23.03,23.27,23.62,22.95,3.39M,-1.37,2018
2018-09-14,23.35,23.27,23.61,23.27,3.38M,0.0,2018
2018-09-13,23.35,23.32,23.49,23.13,2.44M,0.43,2018
2018-09-12,23.25,22.96,23.34,22.95,3.76M,1.17,2018
2018-09-11,22.98,22.82,23.21,22.76,3.52M,0.35,2018
2018-09-10,22.9,22.61,23.04,22.53,2.60M,1.78,2018
2018-09-07,22.5,22.34,22.54,22.18,2.87M,0.18,2018
2018-09-06,22.46,22.91,23.11,22.41,3.97M,-2.31,2018
2018-09-05,22.99,23.21,23.26,22.72,3.61M,-0.95,2018
2018-09-04,23.21,23.48,23.57,23.15,4.40M,-1.4,2018
2018-08-31,23.54,23.32,23.58,23.32,3.54M,0.6,2018
2018-08-30,23.4,22.93,23.76,22.93,5.07M,1.83,2018
2018-08-29,22.98,22.99,23.32,22.66,4.72M,0.35,2018
2018-08-28,22.9,22.81,23.05,22.79,3.04M,0.48,2018
2018-08-27,22.79,22.71,23.18,22.71,2.96M,0.57,2018
2018-08-24,22.66,22.58,22.78,22.49,2.52M,0.8,2018
2018-08-23,22.48,22.5,22.76,22.46,3.15M,-0.09,2018
2018-08-22,22.5,22.39,22.6,22.33,3.22M,0.76,2018
2018-08-21,22.33,22.55,22.63,22.32,2.05M,-0.8,2018
2018-08-20,22.51,22.42,22.62,22.31,2.22M,0.4,2018
2018-08-17,22.42,22.42,22.75,22.31,3.33M,-0.13,2018
2018-08-16,22.45,22.1,22.6,22.04,5.17M,1.77,2018
2018-08-15,22.06,22.49,22.54,21.96,6.61M,-1.56,2018
2018-08-14,22.41,22.37,22.45,22.18,4.11M,1.4,2018
2018-08-13,22.1,22.71,22.79,21.85,8.11M,-2.99,2018
2018-08-10,22.78,23.23,23.43,22.62,5.37M,-2.48,2018
2018-08-09,23.36,23.31,23.59,23.27,3.57M,0.13,2018
2018-08-08,23.33,23.31,23.42,23.17,3.45M,-0.6,2018
2018-08-07,23.47,23.13,23.68,22.79,4.32M,1.16,2018
2018-08-06,23.2,22.65,23.75,22.63,5.38M,2.56,2018
2018-08-03,22.62,22.56,22.86,22.46,3.92M,0.27,2018
2018-08-02,22.56,22.59,22.75,22.3,3.09M,-0.7,2018
2018-08-01,22.72,22.58,22.77,22.36,2.71M,0.53,2018
2018-07-31,22.6,22.21,22.67,22.14,3.36M,1.94,2018
2018-07-30,22.17,22.41,22.44,22.08,1.53M,-0.81,2018
2018-07-27,22.35,22.59,22.68,22.33,2.14M,-0.89,2018
2018-07-26,22.55,22.33,22.78,22.3,2.17M,1.08,2018
2018-07-25,22.31,22.52,22.72,22.19,2.84M,-0.62,2018
2018-07-24,22.45,22.84,22.85,22.28,3.49M,-1.92,2018
2018-07-23,22.89,23.3,23.41,22.83,2.34M,-1.25,2018
2018-07-20,23.18,23.17,23.42,22.9,2.68M,-0.22,2018
2018-07-19,23.23,23.51,23.63,23.04,3.20M,-1.36,2018
2018-07-18,23.55,23.64,23.79,23.49,2.99M,-0.17,2018
2018-07-17,23.59,23.74,24.01,23.51,2.56M,-0.51,2018
2018-07-16,23.71,23.43,23.76,23.38,2.94M,1.15,2018
2018-07-13,23.44,23.11,23.45,23.01,2.51M,1.08,2018
2018-07-12,23.19,22.84,23.24,22.7,2.42M,1.4,2018
2018-07-11,22.87,22.98,23.1,22.79,2.32M,-0.61,2018
2018-07-10,23.01,22.68,23.13,22.68,4.12M,1.32,2018
2018-07-09,22.71,22.95,23.26,22.59,3.81M,-0.87,2018
2018-07-06,22.91,22.63,23.05,22.57,3.45M,1.28,2018
2018-07-05,22.62,22.89,22.89,22.36,4.29M,-0.83,2018
2018-07-03,22.81,23.89,23.91,22.75,3.48M,-5.0,2018
2018-07-02,24.01,23.48,24.01,23.33,3.31M,1.48,2018
2018-06-29,23.66,23.57,24.02,23.5,3.09M,0.68,2018
2018-06-28,23.5,23.7,24.01,23.49,4.14M,-1.05,2018
2018-06-27,23.75,23.74,24.09,23.64,3.39M,-0.38,2018
2018-06-26,23.84,23.36,23.94,23.32,5.39M,2.19,2018
2018-06-25,23.33,23.66,23.76,23.22,4.50M,-1.35,2018
2018-06-22,23.65,24.06,24.2,23.51,9.29M,-1.74,2018
2018-06-21,24.07,23.78,24.11,23.67,3.55M,1.78,2018
2018-06-20,23.65,23.6,23.86,23.52,5.31M,0.81,2018
2018-06-19,23.46,23.38,23.58,23.06,6.47M,-0.26,2018
2018-06-18,23.52,23.62,23.88,23.47,4.72M,-0.97,2018
2018-06-15,23.75,23.86,23.92,23.52,5.57M,-1.08,2018
2018-06-14,24.01,24.46,24.81,23.98,4.28M,-1.56,2018
2018-06-13,24.39,24.32,24.64,24.18,9.88M,0.79,2018
2018-06-12,24.2,24.08,24.37,24.02,4.11M,0.46,2018
2018-06-11,24.09,24.56,24.68,24.04,3.83M,-1.91,2018
2018-06-08,24.56,24.59,24.73,24.27,2.35M,-0.45,2018
2018-06-07,24.67,24.66,24.81,24.63,3.78M,0.24,2018
2018-06-06,24.61,24.38,24.72,24.37,4.56M,0.94,2018
2018-06-05,24.38,24.28,24.64,24.2,3.65M,0.45,2018
2018-06-04,24.27,24.5,24.65,24.06,3.80M,-0.29,2018
2018-06-01,24.34,24.53,24.59,24.31,4.06M,-0.77,2018
2018-05-31,24.53,24.41,24.7,24.26,10.16M,1.07,2018
2018-05-30,24.27,24.06,24.56,24.06,4.85M,1.08,2018
2018-05-29,24.01,23.95,24.16,23.86,3.00M,0.25,2018
2018-05-25,23.95,24.02,24.16,23.82,3.17M,-0.54,2018
2018-05-24,24.08,23.6,24.24,23.55,6.06M,3.66,2018
2018-05-23,23.23,23.18,23.28,23.07,3.51M,0.04,2018
2018-05-22,23.22,23.13,23.43,23.13,2.02M,0.91,2018
2018-05-21,23.01,23.11,23.17,22.74,3.34M,0.0,2018
2018-05-18,23.01,22.79,23.04,22.79,3.84M,0.57,2018
2018-05-17,22.88,23.06,23.15,22.63,4.05M,-0.87,2018
2018-05-16,23.08,23.18,23.45,22.96,3.84M,-0.26,2018
2018-05-15,23.14,23.03,23.2,22.95,4.52M,0.17,2018
2018-05-14,23.1,23.08,23.36,22.97,2.88M,0.7,2018
2018-05-11,22.94,22.96,23.18,22.81,4.05M,0.13,2018
2018-05-10,22.91,22.66,23.01,22.65,4.68M,-0.35,2018
2018-05-09,22.99,23.2,23.32,22.6,4.59M,-0.78,2018
2018-05-08,23.17,23.82,23.94,22.98,6.07M,-2.65,2018
2018-05-07,23.8,23.04,24.04,23.04,7.16M,3.43,2018
2018-05-04,23.01,24.0,24.39,22.82,9.12M,-0.56,2018
2018-05-03,23.14,23.0,23.37,22.6,5.49M,0.65,2018
2018-05-02,22.99,22.9,23.42,22.88,5.35M,0.61,2018
2018-05-01,22.85,22.96,22.96,22.49,4.01M,0.0,2018
2018-04-30,22.85,22.87,23.01,22.76,4.03M,0.48,2018
2018-04-27,22.74,22.66,23.0,22.36,3.59M,0.62,2018
2018-04-26,22.6,22.53,22.98,22.36,5.80M,0.53,2018
2018-04-25,22.48,22.35,22.6,22.19,3.41M,0.9,2018
2018-04-24,22.28,22.49,22.79,22.2,4.56M,-0.22,2018
2018-04-23,22.33,21.97,22.33,21.91,4.72M,2.06,2018
2018-04-20,21.88,22.09,22.15,21.8,5.55M,-1.08,2018
2018-04-19,22.12,22.25,22.37,21.82,3.83M,-0.98,2018
2018-04-18,22.34,22.38,22.57,22.31,4.54M,-0.04,2018
2018-04-17,22.35,22.17,22.46,21.93,5.41M,1.64,2018
2018-04-16,21.99,21.85,22.25,21.75,8.28M,1.57,2018
2018-04-13,21.65,21.5,21.85,21.35,8.45M,0.89,2018
2018-04-12,21.46,21.56,22.16,21.33,9.27M,-0.05,2018
2018-04-11,21.47,21.25,21.57,21.21,8.34M,0.7,2018
2018-04-10,21.32,21.03,21.32,20.63,9.14M,2.35,2018
2018-04-09,20.83,19.87,21.34,19.77,11.31M,5.84,2018
2018-04-06,19.68,20.19,20.23,19.59,14.21M,-2.67,2018
2018-04-05,20.22,20.7,20.94,20.05,4.76M,-1.89,2018
2018-04-04,20.61,20.58,20.7,20.36,5.01M,-0.82,2018
2018-04-03,20.78,20.44,20.84,20.09,4.98M,2.11,2018
2018-04-02,20.35,20.81,20.91,20.01,3.42M,-2.3,2018
2018-03-29,20.83,21.15,21.18,20.7,4.90M,-1.42,2018
2018-03-28,21.13,21.33,21.43,20.81,4.72M,1.29,2018
2018-03-27,20.86,20.71,21.15,20.59,4.80M,0.72,2018
2018-03-26,20.71,20.23,20.85,20.14,4.06M,2.58,2018
2018-03-23,20.19,20.32,20.59,20.1,4.38M,-0.79,2018
2018-03-22,20.35,19.96,20.56,19.92,6.22M,0.99,2018
2018-03-21,20.15,19.86,20.3,19.79,4.04M,1.66,2018
2018-03-20,19.82,20.0,20.11,19.68,3.76M,-0.55,2018
2018-03-19,19.93,20.38,20.38,19.79,4.34M,-2.45,2018
2018-03-16,20.43,20.69,20.75,20.35,4.21M,-1.26,2018
2018-03-15,20.69,20.38,20.74,20.3,5.55M,1.97,2018
2018-03-14,20.29,20.5,20.62,20.14,5.06M,-0.83,2018
2018-03-13,20.46,20.59,20.62,20.15,8.12M,0.0,2018
2018-03-12,20.46,20.65,20.78,20.38,5.42M,-1.11,2018
2018-03-09,20.69,20.87,20.96,20.6,4.89M,-0.58,2018
2018-03-08,20.81,20.77,20.88,20.54,5.23M,1.07,2018
2018-03-07,20.59,20.55,20.76,20.22,4.28M,0.59,2018
2018-03-06,20.47,20.14,20.53,19.8,8.88M,2.81,2018
2018-03-05,19.91,19.58,20.06,19.5,4.93M,1.63,2018
2018-03-02,19.59,18.97,19.62,18.86,2.93M,2.57,2018
2018-03-01,19.1,19.0,19.3,18.8,3.24M,0.79,2018
2018-02-28,18.95,19.1,19.14,18.88,3.85M,-0.16,2018
2018-02-27,18.98,19.01,19.3,18.92,4.25M,0.0,2018
2018-02-26,18.98,19.13,19.23,18.44,3.36M,-0.21,2018
2018-02-23,19.02,18.8,19.05,18.7,4.88M,1.6,2018
2018-02-22,18.72,18.73,18.99,18.57,3.59M,0.27,2018
2018-02-21,18.67,18.95,19.04,18.6,2.49M,-1.11,2018
2018-02-20,18.88,18.78,19.0,18.74,2.95M,0.27,2018
2018-02-16,18.83,18.64,19.01,18.6,1.64M,0.75,2018
2018-02-15,18.69,18.39,18.72,18.17,1.95M,2.35,2018
2018-02-14,18.26,18.12,18.4,18.05,1.75M,0.05,2018
2018-02-13,18.25,17.91,18.34,17.84,2.40M,1.61,2018
2018-02-12,17.96,17.95,18.03,17.41,4.42M,0.45,2018
2018-02-09,17.88,17.55,18.07,17.31,5.66M,2.41,2018
2018-02-08,17.46,18.53,18.64,17.44,4.78M,-5.77,2018
2018-02-07,18.53,18.57,19.26,18.52,5.85M,-0.75,2018
2018-02-06,18.67,18.17,18.85,17.8,5.66M,0.76,2018
2018-02-05,18.53,18.99,19.2,18.36,3.69M,-3.24,2018
2018-02-02,19.15,19.43,19.59,19.05,3.36M,-2.49,2018
2018-02-01,19.64,19.47,19.85,19.43,4.31M,0.72,2018
2018-01-31,19.5,19.17,19.52,19.13,2.92M,1.77,2018
2018-01-30,19.16,19.47,19.51,19.04,3.92M,-2.04,2018
2018-01-29,19.56,19.7,19.76,19.41,2.45M,-1.16,2018
2018-01-26,19.79,19.77,19.9,19.59,2.23M,0.35,2018
2018-01-25,19.72,19.56,19.75,19.35,3.37M,1.23,2018
2018-01-24,19.48,19.27,19.79,19.22,5.25M,1.3,2018
2018-01-23,19.23,19.22,19.45,19.14,4.10M,-0.05,2018
2018-01-22,19.24,19.53,19.76,19.22,4.69M,-1.28,2018
2018-01-19,19.49,18.81,19.55,18.77,7.15M,3.73,2018
2018-01-18,18.79,18.58,18.82,18.55,8.06M,1.9,2018
2018-01-17,18.44,18.1,18.59,18.01,4.22M,2.56,2018
2018-01-16,17.98,18.63,18.63,17.95,3.05M,-3.18,2018
2018-01-12,18.57,18.55,18.62,18.44,2.02M,0.16,2018
2018-01-11,18.54,18.47,18.58,18.24,3.59M,1.04,2018
2018-01-10,18.35,18.39,18.5,18.2,2.61M,-0.6,2018
2018-01-09,18.46,18.62,18.65,18.21,4.52M,-1.28,2018
2018-01-08,18.7,18.68,18.84,18.52,3.79M,0.11,2018
2018-01-05,18.68,18.56,18.7,18.3,2.77M,1.03,2018
2018-01-04,18.49,18.45,18.98,18.4,4.48M,0.11,2018
2018-01-03,18.47,18.48,18.83,18.32,4.05M,0.27,2018
2018-01-02,18.42,18.26,18.43,18.12,3.79M,0.55,2018
2017-12-29,18.32,17.9,18.53,17.88,4.56M,2.29,2017
2017-12-28,17.91,17.84,18.02,17.74,3.39M,0.34,2017
2017-12-27,17.85,17.77,18.13,17.77,3.26M,0.62,2017
2017-12-26,17.74,17.98,18.12,17.72,3.76M,-1.33,2017
2017-12-22,17.98,18.1,18.2,17.84,4.31M,-0.99,2017
2017-12-21,18.16,18.2,18.4,18.07,6.19M,0.0,2017
2017-12-20,18.16,18.11,18.46,18.06,4.21M,0.89,2017
2017-12-19,18.0,17.83,18.18,17.72,4.86M,1.18,2017
2017-12-18,17.79,17.27,17.83,17.27,3.59M,2.77,2017
2017-12-15,17.31,17.21,17.47,17.21,5.32M,0.41,2017
2017-12-14,17.24,17.32,17.51,17.15,4.33M,-1.2,2017
2017-12-13,17.45,17.95,18.01,17.1,6.05M,-3.43,2017
2017-12-12,18.07,18.14,18.35,17.93,4.22M,-0.22,2017
2017-12-11,18.11,17.72,18.15,17.72,5.69M,2.03,2017
2017-12-08,17.75,17.76,17.86,17.53,2.86M,-0.11,2017
2017-12-07,17.77,17.52,17.82,17.36,4.59M,1.48,2017
2017-12-06,17.51,17.84,17.89,17.35,5.07M,-1.68,2017
2017-12-05,17.81,18.52,18.54,17.58,5.59M,-4.09,2017
2017-12-04,18.57,18.83,18.86,18.41,6.62M,-0.85,2017
2017-12-01,18.73,18.87,19.07,18.54,6.52M,-0.9,2017
2017-11-30,18.9,19.23,19.42,18.81,18.08M,-1.31,2017
2017-11-29,19.15,19.17,19.28,18.84,6.26M,-0.42,2017
2017-11-28,19.23,19.08,19.25,19.04,5.03M,1.1,2017
2017-11-27,19.02,19.32,19.32,18.85,5.57M,-1.35,2017
2017-11-24,19.28,19.42,19.49,19.2,1.96M,-0.82,2017
2017-11-22,19.44,18.97,19.45,18.97,3.31M,2.86,2017
2017-11-21,18.9,18.99,19.0,18.73,4.77M,-0.16,2017
2017-11-20,18.93,19.15,19.17,18.85,3.10M,-1.15,2017
2017-11-17,19.15,19.04,19.24,18.89,6.95M,0.9,2017
2017-11-16,18.98,19.22,19.26,18.9,6.23M,-0.89,2017
2017-11-15,19.15,19.15,19.31,18.82,5.91M,-0.16,2017
2017-11-14,19.18,18.98,19.4,18.97,7.72M,1.21,2017
2017-11-13,18.95,18.63,19.01,18.45,4.78M,1.83,2017
2017-11-10,18.61,18.26,18.69,18.24,6.01M,1.69,2017
2017-11-09,18.3,18.81,18.97,18.22,5.51M,-3.07,2017
2017-11-08,18.88,19.0,19.02,18.84,5.56M,-0.37,2017
2017-11-07,18.95,19.38,19.48,18.94,4.19M,-2.12,2017
2017-11-06,19.36,19.27,19.47,19.14,3.91M,0.68,2017
2017-11-03,19.23,19.12,19.37,18.96,4.22M,0.58,2017
2017-11-02,19.12,19.22,19.45,18.55,6.31M,-0.47,2017
2017-11-01,19.21,19.57,19.65,19.06,5.73M,-1.18,2017
2017-10-31,19.44,18.72,19.57,18.61,11.24M,4.68,2017
2017-10-30,18.57,20.0,20.01,18.37,26.45M,-8.52,2017
2017-10-27,20.3,20.47,20.66,20.17,3.18M,-0.93,2017
2017-10-26,20.49,20.32,21.2,20.17,4.93M,0.84,2017
2017-10-25,20.32,19.65,20.44,19.44,6.72M,3.78,2017
2017-10-24,19.58,19.67,19.75,19.56,1.93M,0.51,2017
2017-10-23,19.48,19.02,19.58,19.02,1.78M,2.36,2017
2017-10-20,19.03,18.98,19.05,18.88,1.61M,1.06,2017
2017-10-19,18.83,18.6,18.84,18.44,1.30M,0.7,2017
2017-10-18,18.7,19.0,19.16,18.65,1.51M,-1.63,2017
2017-10-17,19.01,19.03,19.1,18.85,1.92M,0.11,2017
2017-10-16,18.99,19.07,19.11,18.93,2.83M,-0.05,2017
2017-10-13,19.0,19.15,19.16,18.83,1.54M,-0.42,2017
2017-10-12,19.08,19.08,19.15,18.83,2.09M,0.37,2017
2017-10-11,19.01,18.73,19.02,18.72,1.96M,1.06,2017
2017-10-10,18.81,18.95,19.09,18.71,2.10M,-0.63,2017
2017-10-09,18.93,18.87,18.95,18.69,1.73M,0.75,2017
2017-10-06,18.79,19.29,19.29,18.65,3.45M,-1.73,2017
2017-10-05,19.12,18.97,19.33,18.93,4.77M,1.0,2017
2017-10-04,18.93,18.91,19.09,18.86,6.35M,0.16,2017
2017-10-03,18.9,19.2,19.25,18.7,3.31M,0.0,2017
2017-10-02,18.9,18.7,18.94,18.64,1.88M,1.12,2017
2017-09-29,18.69,18.66,18.9,18.58,1.90M,0.21,2017
2017-09-28,18.65,18.7,18.96,18.61,1.77M,-0.27,2017
2017-09-27,18.7,18.49,18.85,18.42,1.48M,1.3,2017
2017-09-26,18.46,18.24,18.56,18.13,1.25M,1.65,2017
2017-09-25,18.16,18.26,18.27,18.11,848.75K,0.06,2017
2017-09-22,18.15,18.18,18.27,18.13,884.60K,-0.06,2017
2017-09-21,18.16,18.17,18.22,18.02,581.16K,-0.33,2017
2017-09-20,18.22,18.05,18.31,17.97,1.53M,1.9,2017
2017-09-19,17.88,17.96,18.05,17.84,1.58M,-0.61,2017
2017-09-18,17.99,17.81,18.0,17.69,2.05M,1.18,2017
2017-09-15,17.78,17.85,17.95,17.66,1.88M,-0.11,2017
2017-09-14,17.8,17.67,17.99,17.54,1.01M,0.51,2017
2017-09-13,17.71,17.78,17.91,17.64,1.66M,0.06,2017
2017-09-12,17.7,17.68,17.77,17.57,594.05K,-0.11,2017
2017-09-11,17.72,17.72,17.87,17.59,652.35K,0.4,2017
2017-09-08,17.65,17.86,17.93,17.16,1.16M,-1.23,2017
2017-09-07,17.87,17.68,17.92,17.68,912.58K,0.56,2017
2017-09-06,17.77,17.74,17.86,17.68,758.92K,0.11,2017
2017-09-05,17.75,17.95,17.95,17.58,1.17M,-0.5,2017
2017-09-01,17.84,17.68,18.08,17.68,2.50M,0.79,2017
2017-08-31,17.7,17.35,17.71,17.3,792.86K,1.96,2017
2017-08-30,17.36,17.69,17.74,17.3,858.72K,-1.98,2017
2017-08-29,17.71,17.59,17.8,17.59,689.82K,-0.28,2017
2017-08-28,17.76,17.8,17.8,17.71,955.59K,0.06,2017
2017-08-25,17.75,17.75,17.79,17.64,729.94K,0.57,2017
2017-08-24,17.65,17.7,17.76,17.64,858.77K,-0.4,2017
2017-08-23,17.72,17.64,17.79,17.64,825.81K,0.23,2017
2017-08-22,17.68,17.66,17.77,17.54,947.00K,0.11,2017
2017-08-21,17.66,17.5,17.77,17.42,1.08M,0.68,2017
2017-08-18,17.54,17.18,17.62,17.09,1.57M,2.45,2017
2017-08-17,17.12,17.82,17.85,17.1,1.56M,-3.06,2017
2017-08-16,17.66,17.45,17.7,17.41,1.33M,0.86,2017
2017-08-15,17.51,17.38,17.55,17.32,1.41M,0.75,2017
2017-08-14,17.38,17.21,17.5,17.07,1.24M,0.99,2017
2017-08-11,17.21,16.91,17.33,16.88,1.17M,1.24,2017
2017-08-10,17.0,17.02,17.17,16.95,1.50M,-0.41,2017
2017-08-09,17.07,17.11,17.24,16.99,1.45M,-0.7,2017
2017-08-08,17.19,16.95,17.22,16.85,1.04M,1.0,2017
2017-08-07,17.02,16.69,17.09,16.69,744.17K,2.16,2017
2017-08-04,16.66,16.18,16.69,15.92,1.61M,2.97,2017
2017-08-03,16.18,16.6,16.65,16.09,1.06M,-2.06,2017
2017-08-02,16.52,16.49,16.6,16.28,1.09M,-0.54,2017
2017-08-01,16.61,16.38,16.61,16.33,920.87K,1.1,2017
2017-07-31,16.43,16.4,16.49,16.36,484.64K,0.0,2017
2017-07-28,16.43,16.48,16.54,16.37,523.79K,-0.54,2017
2017-07-27,16.52,16.43,16.55,16.37,598.31K,0.06,2017
2017-07-26,16.51,16.61,16.68,16.39,1.00M,-0.6,2017
2017-07-25,16.61,16.6,16.77,16.28,1.98M,0.06,2017
2017-07-24,16.6,16.32,16.75,16.2,1.41M,1.28,2017
2017-07-21,16.39,16.28,16.42,16.25,1.04M,1.17,2017
2017-07-20,16.2,16.05,16.26,15.91,1.21M,1.5,2017
2017-07-19,15.96,15.96,16.15,15.89,836.03K,-0.44,2017
2017-07-18,16.03,16.02,16.15,15.95,1.72M,0.44,2017
2017-07-17,15.96,16.0,16.09,15.86,1.13M,-0.37,2017
2017-07-14,16.02,15.89,16.07,15.82,1.30M,0.88,2017
2017-07-13,15.88,16.31,16.31,15.79,1.89M,-2.4,2017
2017-07-12,16.27,16.46,16.58,16.15,2.42M,-1.03,2017
2017-07-11,16.44,16.37,16.49,16.16,1.71M,0.12,2017
2017-07-10,16.42,16.41,16.51,16.31,1.29M,-0.12,2017
2017-07-07,16.44,16.64,16.66,16.33,1.72M,-0.18,2017
2017-07-06,16.47,16.82,16.84,16.39,1.43M,-1.61,2017
2017-07-05,16.74,17.0,17.0,16.65,1.57M,-1.59,2017
2017-07-03,17.01,16.86,17.04,16.79,880.70K,1.31,2017
2017-06-30,16.79,16.69,16.82,16.61,1.45M,0.54,2017
2017-06-29,16.7,16.85,16.88,16.69,3.18M,-0.95,2017
2017-06-28,16.86,16.75,16.9,16.63,2.77M,0.96,2017
2017-06-27,16.7,16.7,16.85,16.66,2.85M,0.0,2017
2017-06-26,16.7,16.75,16.86,16.62,2.59M,-0.3,2017
2017-06-23,16.75,16.74,16.91,16.6,20.85M,0.6,2017
2017-06-22,16.65,16.75,16.75,16.48,4.50M,-0.3,2017
2017-06-21,16.7,16.72,16.74,16.6,2.81M,-0.12,2017
2017-06-20,16.72,16.66,16.78,16.61,4.08M,0.12,2017
2017-06-19,16.7,16.64,16.79,16.63,2.53M,0.0,2017
2017-06-16,16.7,16.6,16.88,16.4,22.64M,0.6,2017
2017-06-15,16.6,16.68,16.84,16.51,2.33M,-1.13,2017
2017-06-14,16.79,16.3,16.8,16.3,5.43M,2.69,2017
2017-06-13,16.35,15.99,16.48,15.99,3.23M,2.19,2017
2017-06-12,16.0,15.7,16.1,15.6,2.99M,1.27,2017
2017-06-09,15.8,15.79,15.98,15.67,1.82M,0.51,2017
2017-06-08,15.72,15.6,15.85,15.56,1.96M,0.26,2017
2017-06-07,15.68,15.5,15.79,15.35,4.02M,1.03,2017
2017-06-06,15.52,15.17,15.57,15.07,3.64M,1.7,2017
2017-06-05,15.26,15.19,15.52,15.1,4.91M,1.8,2017
2017-06-02,14.99,14.95,15.02,14.81,2.29M,0.54,2017
2017-06-01,14.91,14.75,14.96,14.75,1.23M,0.95,2017
2017-05-31,14.77,14.86,14.95,14.7,1.11M,-1.01,2017
2017-05-30,14.92,14.95,14.99,14.76,1.33M,-0.47,2017
2017-05-26,14.99,14.89,15.05,14.78,2.11M,0.94,2017
2017-05-25,14.85,14.97,15.03,14.8,2.50M,-1.0,2017
2017-05-24,15.0,14.96,15.09,14.81,1.95M,0.0,2017
2017-05-23,15.0,14.95,15.01,14.85,1.37M,0.27,2017
2017-05-22,14.96,15.0,15.14,14.88,1.44M,-0.53,2017
2017-05-19,15.04,15.25,15.3,14.5,5.71M,1.62,2017
2017-05-18,14.8,15.15,15.15,14.69,1.41M,-1.92,2017
2017-05-17,15.09,15.47,15.67,15.03,1.08M,-2.14,2017
2017-05-16,15.42,15.77,16.0,15.39,1.24M,-1.97,2017
2017-05-15,15.73,15.54,15.77,15.5,692.64K,0.96,2017
2017-05-12,15.58,15.35,15.83,15.33,972.73K,1.7,2017
2017-05-11,15.32,15.1,15.35,15.0,3.08M,1.12,2017
2017-05-10,15.15,15.15,15.3,14.98,2.30M,0.93,2017
2017-05-09,15.01,15.0,15.02,14.97,2.35M,0.07,2017
2017-05-08,15.0,15.03,15.05,14.97,2.12M,-0.2,2017
2017-05-05,15.03,14.71,15.24,14.71,1.42M,2.8,2017
2017-05-04,14.62,14.71,14.8,14.61,692.20K,-0.48,2017
2017-05-03,14.69,14.59,14.94,14.59,771.14K,0.69,2017
2017-05-02,14.59,15.0,15.02,14.5,735.86K,-2.6,2017
2017-05-01,14.98,15.0,15.05,14.93,530.30K,0.2,2017
2017-04-28,14.95,15.32,15.33,14.95,628.99K,-1.77,2017
2017-04-27,15.22,15.63,15.65,15.2,536.49K,-2.62,2017
2017-04-26,15.63,15.43,15.65,15.4,640.62K,1.17,2017
2017-04-25,15.45,15.53,15.55,15.35,614.77K,-0.19,2017
2017-04-24,15.48,15.19,15.6,15.16,344.22K,1.84,2017
2017-04-21,15.2,15.55,15.55,14.97,1.23M,-2.25,2017
2017-04-20,15.55,15.8,15.86,15.55,402.13K,-1.58,2017
2017-04-19,15.8,16.0,16.01,15.7,752.59K,-1.25,2017
2017-04-18,16.0,15.98,16.03,15.88,582.83K,0.13,2017
2017-04-17,15.98,16.18,16.22,15.9,1.13M,-1.18,2017
2017-04-13,16.17,16.0,16.21,16.0,367.78K,1.06,2017
2017-04-12,16.0,16.12,16.12,15.98,221.63K,-0.93,2017
2017-04-11,16.15,16.24,16.25,16.07,78.05K,-0.62,2017
2017-04-10,16.25,16.29,16.3,16.23,154.57K,0.0,2017
2017-04-07,16.25,16.4,16.46,16.07,134.95K,-0.98,2017
2017-04-06,16.41,16.5,16.5,16.38,65.96K,-0.42,2017
2017-04-05,16.48,16.46,16.53,16.42,120.52K,-0.06,2017
2017-04-04,16.49,16.31,16.49,16.31,924.21K,0.86,2017
2017-04-03,16.35,16.49,16.5,16.0,719.98K,0.31,2017
2017-03-31,16.3,16.28,16.48,16.0,1.46M,0.12,2017
2017-03-30,16.28,16.55,16.6,15.99,3.01M,0.18,2017
2017-03-29,16.25,15.91,16.26,15.91,2.38M,2.2,2017
2017-03-28,15.9,15.84,15.96,15.84,2.53M,0.32,2017
2017-03-27,15.85,15.78,15.87,15.77,859.64K,0.32,2017
2017-03-24,15.8,15.75,16.0,15.73,548.79K,0.45,2017
2017-03-23,15.73,15.97,16.0,15.73,514.10K,-0.76,2017
2017-03-22,15.85,16.0,16.0,15.8,506.79K,-0.94,2017
2017-03-21,16.0,16.24,16.24,15.95,921.81K,-1.23,2017
2017-03-20,16.2,16.09,16.22,16.08,167.08K,0.75,2017
2017-03-17,16.08,16.17,16.2,16.0,1.42M,-0.43,2017
2017-03-16,16.15,16.15,16.25,16.15,248.02K,0.06,2017
2017-03-15,16.14,16.21,16.25,16.05,490.27K,-0.19,2017
2017-03-14,16.17,16.2,16.22,16.05,331.26K,-0.31,2017
2017-03-13,16.22,15.75,16.4,15.75,300.59K,3.38,2017
2017-03-10,15.69,15.35,15.8,15.35,830.88K,1.82,2017
2017-03-09,15.41,15.81,15.81,15.34,542.74K,-2.78,2017
2017-03-08,15.85,16.1,16.1,15.8,481.74K,-1.55,2017
2017-03-07,16.1,16.17,16.24,16.06,90.82K,-0.43,2017
2017-03-06,16.17,16.3,16.3,16.0,1.06M,-0.55,2017
2017-03-03,16.26,16.18,16.3,16.18,550.91K,0.37,2017
2017-03-02,16.2,16.35,16.56,16.2,201.56K,-0.61,2017
2017-03-01,16.3,16.16,16.6,16.16,151.04K,0.87,2017
2017-02-28,16.16,16.24,16.24,16.12,82.74K,-0.06,2017
2017-02-27,16.17,16.59,16.6,16.05,1.06M,-2.71,2017
2017-02-24,16.62,16.29,16.62,16.18,555.50K,1.96,2017
2017-02-23,16.3,16.73,16.74,16.1,906.87K,-2.92,2017
2017-02-22,16.79,17.15,17.25,16.6,626.76K,-1.98,2017
2017-02-21,17.13,17.35,17.35,17.1,1.33M,-1.27,2017
2017-02-17,17.35,17.4,17.4,17.15,180.58K,-0.29,2017
2017-02-16,17.4,17.7,17.7,17.4,267.08K,-1.42,2017
2017-02-15,17.65,17.72,17.75,17.65,284.09K,-0.28,2017
2017-02-14,17.7,17.75,17.77,17.67,543.47K,-0.28,2017
2017-02-13,17.75,17.85,17.9,17.5,506.17K,-1.11,2017
2017-02-10,17.95,17.3,17.95,17.0,1.07M,4.06,2017
2017-02-09,17.25,17.25,17.3,17.17,120.89K,0.0,2017
2017-02-08,17.25,17.1,17.4,17.07,727.81K,0.76,2017
2017-02-07,17.12,17.3,17.3,17.09,787.73K,-0.17,2017
2017-02-06,17.15,17.15,17.81,17.07,521.12K,2.69,2017
2017-02-03,16.7,16.3,16.7,16.2,526.62K,2.52,2017
2017-02-02,16.29,16.39,16.39,16.23,49.89K,-0.37,2017
2017-02-01,16.35,16.4,16.41,16.29,751.11K,0.86,2017
2017-01-31,16.21,16.4,16.5,16.05,266.36K,-0.55,2017
2017-01-30,16.3,16.84,16.84,16.3,87.86K,-2.57,2017
2017-01-27,16.73,16.9,16.9,16.67,479.52K,-0.71,2017
2017-01-26,16.85,16.8,16.95,16.8,618.23K,0.6,2017
2017-01-25,16.75,16.77,16.89,16.5,510.49K,-0.3,2017
2017-01-24,16.8,16.95,16.98,16.7,659.41K,-0.88,2017
2017-01-23,16.95,16.95,17.05,16.77,1.84M,0.06,2017
2017-01-20,16.94,16.89,17.02,16.89,1.25M,0.36,2017
2017-01-19,16.88,17.0,17.0,16.73,924.98K,-1.0,2017
2017-01-18,17.05,16.85,17.1,16.77,1.59M,1.19,2017
2017-01-17,16.85,16.58,16.89,16.4,903.13K,2.43,2017
2017-01-13,16.45,16.04,16.65,16.04,191.34K,2.81,2017
2017-01-12,16.0,15.74,16.0,15.69,278.66K,2.11,2017
2017-01-11,15.67,15.85,16.25,15.58,660.73K,-1.14,2017
2017-01-10,15.85,15.91,15.95,15.84,169.41K,-0.31,2017
2017-01-09,15.9,16.2,16.3,15.9,655.32K,-1.85,2017
2017-01-06,16.2,16.19,16.28,16.12,1.50M,0.06,2017
2017-01-05,16.19,16.14,16.4,16.0,743.20K,0.56,2017
2017-01-04,16.1,15.36,16.1,15.36,869.12K,4.82,2017
2017-01-03,15.36,15.5,15.5,15.15,3.19M,-0.9,2017
2016-12-30,15.5,15.5,15.8,15.46,72.63K,0.0,2016
2016-12-29,15.5,15.0,15.6,15.0,414.78K,3.33,2016
2016-12-28,15.0,15.01,15.25,14.95,121.41K,0.0,2016
2016-12-27,15.0,14.45,15.03,14.45,149.16K,4.31,2016
2016-12-23,14.38,14.25,14.4,14.22,35.06K,0.63,2016
2016-12-22,14.29,14.35,14.45,14.24,526.06K,-0.42,2016
2016-12-21,14.35,14.38,14.44,14.3,607.36K,0.0,2016
2016-12-20,14.35,14.22,14.4,14.2,1.13M,0.84,2016
2016-12-19,14.23,14.1,14.23,13.96,1.24M,1.21,2016
2016-12-16,14.06,14.19,14.2,14.06,70.78K,-0.92,2016
2016-12-15,14.19,14.0,14.28,14.0,1.15M,1.65,2016
2016-12-14,13.96,13.89,13.98,13.72,2.40M,0.29,2016
2016-12-13,13.92,13.98,13.98,13.85,2.90M,-0.07,2016
2016-12-12,13.93,14.15,14.15,13.93,982.71K,-0.92,2016
2016-12-09,14.06,13.72,14.19,13.63,588.43K,3.15,2016
2016-12-08,13.63,13.33,13.72,13.29,625.84K,2.56,2016
2016-12-07,13.29,13.36,13.38,13.25,523.66K,-0.67,2016
2016-12-06,13.38,13.12,13.42,12.86,925.62K,7.99,2016
2016-12-05,12.39,12.13,12.43,12.0,530.57K,4.29,2016
2016-12-02,11.88,11.92,11.92,11.7,18.38K,-0.75,2016
2016-12-01,11.97,12.01,12.01,11.97,127.28K,0.08,2016
2016-11-30,11.96,11.88,11.96,11.83,291.55K,1.44,2016
2016-11-29,11.79,12.13,12.13,11.79,124.58K,-2.8,2016
2016-11-28,12.13,12.05,12.13,12.05,0.54K,1.08,2016
2016-11-23,12.0,12.0,12.0,12.0,50.00K,-0.41,2016
2016-11-22,12.05,12.05,12.05,12.05,100.01K,0.42,2016
2016-11-21,12.0,12.0,12.04,12.0,28.03K,-0.74,2016
2016-11-18,12.09,12.09,12.13,11.92,728.65K,0.33,2016
2016-11-17,12.05,12.09,12.09,12.0,60.40K,-0.33,2016
2016-11-16,12.09,12.3,12.3,12.09,65.58K,-1.55,2016
2016-11-15,12.28,12.35,12.39,12.28,798.61K,-0.57,2016
2016-11-14,12.35,12.61,12.82,12.35,121.50K,-2.06,2016
2016-11-11,12.61,12.35,12.78,12.35,13.37K,3.36,2016
2016-11-10,12.2,12.09,12.2,12.09,2.63M,1.24,2016
2016-11-09,12.05,11.92,12.13,11.92,106.28K,-1.07,2016
2016-11-08,12.18,12.0,12.22,11.92,335.12K,0.74,2016
2016-11-07,12.09,12.09,12.22,12.09,2.25K,0.75,2016
2016-11-04,12.0,11.66,12.0,11.66,603.64K,2.92,2016
2016-11-03,11.66,11.79,11.83,11.66,122.28K,0.0,2016
2016-11-02,11.66,12.69,12.69,11.58,509.90K,-9.33,2016
2016-11-01,12.86,12.86,12.86,12.78,11.80K,-1.3,2016
2016-10-31,13.03,13.08,13.08,12.86,25.86K,0.0,2016
2016-10-28,13.03,13.03,13.25,12.86,2.19M,0.0,2016
2016-10-27,13.03,13.16,13.16,13.0,271.13K,-1.66,2016
2016-10-26,13.25,13.29,13.29,13.16,52.29K,-0.82,2016
2016-10-25,13.36,13.3,13.36,13.08,6.16K,-0.67,2016
2016-10-24,13.45,13.51,13.51,13.29,130.31K,-0.07,2016
2016-10-21,13.46,13.42,13.55,13.29,27.54K,-1.25,2016
2016-10-20,13.63,13.63,13.72,13.51,653.86K,-0.58,2016
2016-10-19,13.71,13.51,13.72,13.51,140.45K,-0.07,2016
2016-10-18,13.72,13.84,13.84,13.69,464.29K,-0.65,2016
2016-10-17,13.81,13.85,13.85,13.81,20.56K,0.0,2016
2016-10-14,13.81,13.76,13.81,13.76,45.52K,0.0,2016
2016-10-13,13.81,14.15,14.15,13.72,265.82K,-1.5,2016
2016-10-12,14.02,14.02,14.58,13.72,160.55K,0.0,2016
2016-10-11,14.02,13.81,14.15,13.72,158.44K,2.19,2016
2016-10-10,13.72,13.68,21.64,13.63,6.25K,0.66,2016
2016-10-07,13.63,13.63,13.63,13.46,110.90K,0.89,2016
2016-10-06,13.51,13.29,13.63,13.29,264.91K,1.66,2016
2016-10-05,13.29,13.72,14.15,13.29,569.73K,-3.13,2016
